z,y,x,tomo_id,dataset_id
67.0,191.1702017535124,345.3245735225382,aba2013-04-06-10,10287
68.0,187.61279333080915,229.1158983808985,aba2013-04-06-12,10287
64.0,481.0989882038277,228.52299697711464,aba2013-04-06-13,10287
61.0,146.7025964697217,236.8236166300889,aba2013-04-06-14,10287
69.0,83.85504766863087,398.0927984593032,aba2013-04-06-15,10287
64.0,498.8860303173439,160.33933554196892,aba2013-04-06-15,10287
64.0,166.2683427945896,311.52919350685727,aba2013-04-06-16,10287
60.0,187.01989192702524,412.3224321501161,aba2013-04-06-17,10287
67.0,162.71093437188634,240.973926456576,aba2013-04-06-18,10287
65.0,178.71927227405098,291.9634471819893,aba2013-04-06-19,10287
59.0,236.23070844108693,444.3391079544455,aba2013-04-06-20,10287
66.0,181.0908778891865,229.1158983808985,aba2013-04-06-21,10287
64.0,199.47082140648664,167.45415238737542,aba2013-04-06-22,10287
67.0,267.6544828416324,227.33719416954688,aba2013-04-06-7,10287
59.0,216.66496211621904,312.714996314425,aba2013-04-06-8,10287
65.0,400.4643972892205,205.9927436333273,aba2013-04-06-9,10287
51.0,49.60034006812697,353.151982145604,aba2013-12-24-1,10261
60.0,186.48495143234783,349.71554838750643,aba2013-12-24-21,10261
51.0,75.94633221354187,189.3486396762853,aba2013-12-24-7,10261
59.0,212.25820461807984,325.0877731211403,aba2013-12-25-14,10261
68.0,175.60291119837214,212.2581980636026,aba2013-12-25-17,10261
64.0,410.4258846683746,321.07860040335976,aba2013-12-25-18,10261
67.0,113.74710355261544,244.90431876552967,aba2013-12-25-6,10261
38.0,404.02180571192383,255.7964615511729,aba2014-02-21-11,10268
57.0,325.1659190086683,165.08254677223994,aba2014-02-21-12,10268
33.0,343.54586252596846,168.04705379115927,aba2014-02-21-13,10268
18.0,356.58969340921374,203.62113801819183,aba2014-02-21-14,10268
61.0,243.34552528649343,292.5563485857732,aba2014-02-21-15,10268
67.0,347.1032709486717,142.55229342845263,aba2014-02-21-16,10268
71.0,382.0844537719204,254.6106587436052,aba2014-02-21-17,10268
69.0,171.60445542864448,169.82575800251095,aba2014-02-21-18,10268
83.0,271.8047926681195,326.9446209582805,aba2014-02-21-19,10268
57.0,338.2097498919136,157.37482852304953,aba2014-02-21-24,10268
42.0,361.9258060432686,179.31218046305293,aba2014-02-21-26,10268
48.0,271.8047926681195,213.1075604787339,aba2014-02-21-27,10268
45.0,171.0115540248606,185.8340959046756,aba2014-02-21-2,10268
75.0,335.8381442767781,295.5208556046926,aba2014-02-21-3,10268
73.0,367.8548200811074,259.35386997387616,aba2014-02-21-5,10268
58.0,163.89673717945408,133.6587723716945,aba2014-02-21-6,10268
50.0,358.36839762056536,225.55848995819525,aba2014-02-21-8,10268
34.0,272.3976940719034,256.9822643587407,aba2014-02-21-9,10268
53.0,327.5318417003715,296.5380694690314,aba2014-03-04-10,10274
62.0,344.7506077002482,313.7568354689081,aba2014-03-04-11,10274
55.0,186.91191936804512,151.32647620340452,aba2014-03-04-12,10274
69.0,337.289142433635,209.2963217363228,aba2014-03-04-13,10274
68.0,77.28577583549675,281.04118006914234,aba2014-03-04-16,10274
68.0,254.06510676756423,159.36190033668032,aba2014-03-04-16,10274
66.0,163.3796058348803,167.97128333661868,aba2014-03-04-17,10274
56.0,253.4911479009017,218.4796636029237,aba2014-03-04-18,10274
54.0,255.21302450088933,146.73480527010406,aba2014-03-04-19,10274
61.0,355.6558261668368,313.7568354689081,aba2014-03-04-1,10274
55.0,298.2599395005811,388.94544700170303,aba2014-03-04-20,10274
59.0,370.57875670006325,256.9349076693149,aba2014-03-04-22,10274
68.0,309.1651579671697,379.18814626843954,aba2014-03-04-23,10274
63.0,291.946391967293,161.65773580333052,aba2014-03-04-25,10274
65.0,337.289142433635,228.2369643361872,aba2014-03-04-27,10274
64.0,372.8745921667135,74.41598807062189,aba2014-03-04-29,10274
70.0,75.56389923550908,295.3901517357063,aba2014-03-04-2,10274
59.0,215.0359038345104,225.9411288695369,aba2014-03-04-30,10274
62.0,260.3786543008524,159.9358592033429,aba2014-03-04-3,10274
61.0,202.9827676345967,171.41503653659402,aba2014-03-04-4,10274
57.0,171.01823256993487,173.73116418194766,aba2014-03-04-5,10274
53.0,163.3796058348803,177.72858406988212,aba2014-03-04-6,10274
67.0,220.20153363447332,122.62853287027669,aba2014-03-04-7,10274
60.0,331.9606471918128,329.0969458389208,aba2014-03-05-11,10275
72.0,351.4337718210325,254.6408810801396,aba2014-03-05-12,10275
75.0,110.31066979451784,178.4665994423096,aba2014-03-05-13,10275
72.0,390.9527600391549,377.7797574119701,aba2014-03-05-14,10275
84.0,149.82965801264018,304.4691705725548,aba2014-03-05-17,10275
75.0,180.1848228758356,354.2974600649699,aba2014-03-05-18,10275
89.0,163.57539304503055,244.33157980584684,aba2014-03-05-19,10275
69.0,350.5134719310323,306.7522207106464,aba2014-03-05-20,10275
49.0,175.0301722386892,153.26608521626054,aba2014-03-05-21,10275
50.0,155.5570476094695,170.44825400674853,aba2014-03-05-21,10275
57.0,369.7614185308863,281.5596121852374,aba2014-03-05-22,10275
67.0,256.9318434733486,396.107404121824,aba2014-03-05-5,10275
65.0,366.89772373247166,249.48623044299325,aba2014-03-05-6,10275
61.0,394.38919379725246,242.0406239671151,aba2014-03-05-7,10275
67.0,176.17565015805508,354.8701990246528,aba2014-03-05-8,10275
83.0,119.47449314944474,268.95935507221293,aba2014-03-05-9,10275
59.0,354.21808779407826,256.3893629549568,aba2014-04-03-1,10277
72.0,317.458200759478,216.0720674976532,aba2014-04-03-2,10277
47.0,315.0865951443424,453.8255304149874,aba2014-04-03-33,10277
67.0,138.9948782205313,148.4813074662914,aba2014-04-03-34,10277
63.0,281.8841165324454,457.97584024147454,aba2014-04-03-36,10277
59.0,146.1096950659378,155.5961243116979,aba2014-04-03-37,10277
79.0,374.37673552273,137.8090821981816,aba2014-04-03-39,10277
53.0,130.69425856755703,262.31837699279555,aba2014-04-03-3,10277
63.0,339.9884541032652,324.5730243901025,aba2014-04-03-40,10277
94.0,242.7526238827096,371.4122352890287,aba2014-04-03-41,10277
59.0,188.20569473459292,335.2452496582123,aba2014-04-03-42,10277
84.0,322.201411989749,391.5708830176805,aba2014-04-03-43,10277
69.0,118.83623049187952,403.428911093358,aba2014-04-03-4,10277
44.0,262.91127161136137,357.1826015982157,aba2014-04-03-6,10277
71.0,201.94890334378704,274.11400570935933,aba2014-04-10-11,10276
63.0,416.1532742652039,215.69463182170017,aba2014-04-10-12,10276
61.0,97.13767372181036,122.91092035306514,aba2014-04-10-12,10276
72.0,133.22022818183513,164.14812545023625,aba2014-04-10-13,10276
64.0,327.95147447403224,236.8859733299687,aba2014-04-10-14,10276
61.0,262.086494110495,314.20573288716463,aba2014-04-10-16,10276
48.0,350.28829390166663,165.86634232928503,aba2014-04-10-17,10276
70.0,272.9685343444707,189.9213786359682,aba2014-04-10-18,10276
65.0,220.8492890133238,118.32900867560164,aba2014-04-10-19,10276
50.0,337.1152978289592,260.36827067696896,aba2014-04-10-20,10276
57.0,240.8951526022265,185.91220591818768,aba2014-04-10-21,10276
57.0,330.8151692724469,280.9868732255545,aba2014-04-10-22,10276
59.0,348.57007702261785,133.79296058704085,aba2014-04-10-23,10276
68.0,320.50586799815414,160.13895273245572,aba2014-04-10-24,10276
54.0,352.0065107807154,147.53869561943122,aba2014-04-10-25,10276
57.0,305.6146550463979,188.7759007166024,aba2014-04-10-26,10276
64.0,374.9160691680327,158.42073585340694,aba2014-04-10-27,10276
65.0,335.9698199095933,224.8584551766271,aba2014-04-10-28,10276
43.0,377.7797639664474,236.31323437028576,aba2014-04-10-29,10276
36.0,163.57539304503055,48.454855594283856,aba2014-04-10-30,10276
57.0,301.0327433689344,158.99347481308985,aba2014-04-10-30,10276
57.0,373.7705912486669,243.75884084616388,aba2014-04-10-31,10276
73.0,380.0707198051791,254.6408810801396,aba2014-04-10-32,10276
51.0,238.0314578038118,295.8780861773108,aba2014-04-10-33,10276
63.0,381.7889366842279,175.03016568421197,aba2014-04-10-3,10276
76.0,247.1952811587387,329.6696847986038,aba2014-04-10-4,10276
65.0,236.313240924763,331.38790167765256,aba2014-04-10-4,10276
73.0,200.8034254244212,203.66711366835864,aba2014-04-10-5,10276
56.0,140.66583465771325,294.7326082579449,aba2014-04-10-6,10276
66.0,104.58328019768852,152.12060729689466,aba2014-04-10-7,10276
62.0,219.13107213427503,179.61207736167546,aba2014-04-10-8,10276
71.0,189.92138519044545,230.58584477345647,aba2014-04-10-9,10276
75.0,229.6426419333645,206.9947543128788,aba2014-10-15-10,10279
63.0,195.9134129837834,217.85077170900485,aba2014-10-15-13,10279
69.0,286.03442635893254,337.0239538695639,aba2014-10-15-14,10279
52.0,371.4122285038106,265.8757854154988,aba2014-10-15-15,10279
69.0,284.8486235513648,207.1785464408951,aba2014-10-15-16,10279
44.0,312.71498952920695,185.2411945008917,aba2014-10-15-17,10279
47.0,325.7588204124522,313.90079912199275,aba2014-10-15-18,10279
53.0,402.83600290435606,219.62947592035647,aba2014-10-15-19,10279
72.0,165.08253998702185,275.3622078760408,aba2014-10-15-1,10279
55.0,281.8841165324454,195.91341976900145,aba2014-10-15-20,10279
59.0,216.66496211621904,313.90079912199275,aba2014-10-15-21,10279
46.0,238.00941265243856,350.66068615659304,aba2014-10-15-22,10279
58.0,390.97797482867855,261.7254755890117,aba2014-10-15-2,10279
59.0,236.8236098448708,160.93223694575278,aba2014-10-15-3,10279
47.0,473.39126995463727,377.93415073065137,aba2014-10-15-5,10279
63.0,173.97606104377996,213.1075604787339,aba2014-10-15-6,10279
60.0,115.16797605194223,509.4842636937784,aba2014-10-15-6,10279
53.0,242.7526238827096,152.63161729277851,aba2014-10-15-7,10279
66.0,164.48963858323796,318.05110894847985,aba2014-10-15-8,10279
47.0,180.4979764854026,217.85077170900485,aba2014-10-15-9,10279
80.0,317.2230452307166,292.53675876675834,aba2014-10-29-10,10280
53.0,456.1971292449049,218.4436731127888,aba2014-10-29-13,10280
44.0,354.8109891978621,289.5918415668538,aba2014-10-29-16,10280
52.0,321.4558928522793,165.39488455687507,aba2014-10-29-18,10280
54.0,248.7440040635377,254.53682701805928,aba2014-10-29-19,10280
44.0,314.87251082178005,213.9317871879101,aba2014-10-29-1,10280
60.0,176.94056806269936,242.75263066792763,aba2014-10-29-20,10280
41.0,303.2285670686649,369.0406296738933,aba2014-10-29-21,10280
45.0,298.5577905750913,264.91492375283286,aba2014-10-29-22,10280
53.0,52.6796814662134,205.8694499217249,aba2014-10-29-23,10280
42.0,243.86511493286744,153.93481136571265,aba2014-10-29-24,10280
43.0,62.41003986339246,392.3220576048165,aba2014-10-29-24,10280
45.0,24.74132922062332,258.61051064582745,aba2014-10-29-25,10280
55.0,440.7825554666432,132.67836234681664,aba2014-10-29-2,10280
63.0,304.2553967254774,209.06771384145424,aba2014-10-29-30,10280
43.0,408.6220158394674,244.7677152771092,aba2014-10-29-31,10280
55.0,251.02938770938576,194.95602949218613,aba2014-10-29-32,10280
49.0,237.3557814899901,273.3743532556256,aba2014-10-29-33,10280
46.0,430.1194681304739,210.0469944639429,aba2014-10-29-34,10280
59.0,407.4707672307819,361.38577996292827,aba2014-10-29-35,10280
60.0,348.5401547488375,161.92170446454952,aba2014-10-29-3,10280
67.0,285.2172420282931,187.4538303700478,aba2014-10-29-4,10280
67.0,291.3783275336603,157.1618266353257,aba2014-10-29-4,10280
43.0,280.5306830801848,193.26697834234523,aba2014-10-29-6,10280
51.0,295.2868538944515,201.03916053827243,aba2014-10-29-8,10280
63.0,281.6247318062069,347.1235132579559,aba2014-10-29-9,10280
61.0,216.66496211621904,210.1430534598145,aba2015-01-16-10,10266
85.0,315.0865951443424,195.3205183652176,aba2015-01-16-11,10266
58.0,120.0220332994473,217.85077170900485,aba2015-01-16-12,10266
56.0,255.2035533621709,270.026095241986,aba2015-01-16-13,10266
58.0,143.7380894508023,373.7838409041642,aba2015-01-16-15,10266
75.0,121.80073751079892,247.49584189819865,aba2015-01-16-17,10266
51.0,300.85696145352944,431.2952770712002,aba2015-01-16-18,10266
60.0,233.85910282595145,387.4205731911934,aba2015-01-16-19,10266
71.0,360.147101831917,37.60874495870664,aba2015-01-16-1,10266
53.0,283.06991934001314,128.9155611414235,aba2015-01-16-2,10266
59.0,22.19330167510778,362.51871423227055,aba2015-01-16-2,10266
59.0,200.0637228102705,160.93223694575278,aba2015-01-16-3,10266
85.0,231.48749721081592,150.26001167764304,aba2015-01-16-4,10266
66.0,396.3140874627334,210.1430534598145,aba2015-01-16-4,10266
55.0,393.942481847598,344.1387707149704,aba2015-01-16-5,10266
58.0,323.9801162011006,235.6378138225212,aba2015-01-16-6,10266
75.0,127.1368501448538,186.42699730845948,aba2015-01-16-7,10266
85.0,212.5146522897319,265.8757854154988,aba2015-01-16-8,10266
65.0,159.74642735296695,197.69212398035307,aba2015-01-16-9,10266
53.0,249.8674407281161,212.51465907495,aba2015-02-12-13,10280
67.0,318.6440035670457,363.11161563605447,aba2015-02-12-15,10280
64.0,284.9489824840799,260.91320308729684,aba2015-02-12-25,10280
50.0,180.4979764854026,287.22023595171834,aba2015-02-12-29,10280
61.0,434.85267870868535,344.73167211875426,aba2015-02-12-4,10280
49.0,459.1616362638243,357.1826015982157,aba2015-02-12-4,10280
57.0,353.62518639029435,205.9927436333273,aba2015-02-12-5,10280
68.0,225.6659108067325,39.692179086719065,aba2015-02-12-8,10280
64.0,427.73786186327885,193.541814153866,aba2015-02-12-9,10280
61.0,324.5730153431451,332.87364404307675,aba2015-02-23-18,10281
54.0,214.8862579048674,120.02204008466538,aba2015-02-23-1,10281
54.0,187.531489550364,145.11780728316103,aba2015-02-23-20,10281
59.0,172.02966258052646,310.34696131514613,aba2015-02-23-2,10281
61.0,163.11196972024544,314.2058104605916,aba2015-02-23-33,10281
58.0,203.02822982918988,122.39364569980086,aba2015-02-23-34,10281
52.0,382.9344146035938,171.02099296643144,aba2015-02-23-38,10283
59.0,85.1101555684688,356.0156769440187,aba2015-02-23-38,10283
57.0,393.8164548375695,57.04593998952788,aba2015-02-23-39,10283
67.0,211.96085433052667,232.09579309530784,aba2015-02-23-3,10281
60.0,332.53338615149573,395.534665162141,aba2015-02-23-40,10283
64.0,38.14556087446832,429.32626378343406,aba2015-02-23-40,10283
64.0,171.75696156993075,57.67794169620105,aba2015-02-23-48,10284
48.0,270.6189898605518,246.31003909063088,aba2015-02-23-4,10281
74.0,110.42693161853563,431.943461374974,aba2015-02-23-59,10284
65.0,187.9604426793394,227.10597461375417,aba2015-02-23-5,10281
79.0,280.09777842431674,318.39996571465474,aba2015-02-23-61,10284
65.0,232.22647138789324,414.846431854536,aba2015-02-23-65,10284
59.0,175.48756429955748,363.6679368108521,aba2015-02-23-6,10281
59.0,346.5246479054915,484.5604151931493,aba2015-02-23-7,10281
65.0,395.12828465516566,313.9007900750354,aba2015-05-28-3,10282
62.0,346.51036954488785,66.06801234033267,aba2015-05-28-4,10282
71.0,291.96344039677126,360.7400100209189,aba2015-05-29-10,10282
70.0,312.1220881254231,132.47296956412674,aba2015-05-29-12,10282
71.0,195.3205115799995,141.36649062088492,aba2015-05-29-13,10282
76.0,326.94462322001993,182.86958888575617,aba2015-05-29-14,10282
66.0,428.3307632670627,354.21809457929635,aba2015-05-29-15,10282
67.0,257.5751589773065,191.76310994251435,aba2015-05-29-16,10282
55.0,335.2452428729942,296.7066584122604,aba2015-05-29-18,10282
55.0,431.2952702859821,285.4415317403667,aba2015-05-29-19,10282
58.0,481.69188960761153,306.78598227658625,aba2015-05-29-1,10282
56.0,473.39126995463727,428.9236714560647,aba2015-05-29-22,10282
50.0,347.1032709486717,192.9489127500821,aba2015-05-29-23,10282
52.0,316.2723979519102,459.1616430490424,aba2015-05-29-27,10282
64.0,405.20760851949154,392.7566858252482,aba2015-05-29-29,10282
64.0,167.45414560215735,371.4122352890287,aba2015-05-29-2,10282
62.0,363.7045102546202,200.0637295954886,aba2015-05-29-2,10282
64.0,211.92175088594803,283.0699261252312,aba2015-05-29-34,10285
53.0,196.8323117648533,353.9816736379196,aba2015-05-29-35,10285
47.0,134.2516669902603,93.34147691439094,aba2015-05-29-39,10285
53.0,344.1387639297524,365.4832212511899,aba2015-05-29-3,10282
60.0,204.8069340405415,322.79432017875087,aba2015-05-29-41,10285
63.0,284.8486235513648,238.00941943765665,aba2015-05-29-42,10285
38.0,169.82575121729283,336.43105246578,aba2015-05-29-42,10285
67.0,261.7254688037936,398.6856998630869,aba2015-05-29-43,10285
63.0,281.8841165324454,53.024181457087394,aba2015-05-29-44,10285
63.0,244.5313280940612,188.79860292359496,aba2015-05-29-45,10285
57.0,310.3433839140714,73.18282918573917,aba2015-05-29-46,10285
69.0,304.4143698762327,393.34958722903207,aba2015-05-29-4,10282
70.0,388.7517788740933,328.51848617060307,aba2015-05-29-50,10285
47.0,300.85696145352944,180.4979832706207,aba2015-05-29-51,10285
54.0,196.50631438756724,181.0908846744045,aba2015-05-29-55,10285
74.0,328.1304260275877,262.31837699279555,aba2015-05-29-58,10285
62.0,194.7276101762156,168.04705379115933,aba2015-05-29-59,10285
54.0,385.6418621946237,328.72333421658965,aba2015-05-29-5,10282
58.0,284.8486235513648,110.53561762412336,aba2015-05-29-60,10285
60.0,316.86529935569405,271.8047994533376,aba2015-05-29-6,10282
73.0,323.3872147973167,122.98654710358473,aba2015-05-29-7,10282
61.0,417.65853799895297,289.5918415668538,aba2015-05-29-8,10282
47.0,227.722156529519,407.5621833154826,aba2015-06-03-12,10265
75.0,230.0131123682508,388.0890586862629,aba2015-06-03-24,10265
55.0,230.0131123682508,369.7614119764091,aba2015-06-03-25,10265
74.0,348.57007702261785,384.0798859684824,aba2015-06-03-26,10265
72.0,174.45743327900627,102.29231780447952,aba2015-06-03-29,10265
71.0,352.0065107807154,292.4416524192132,aba2015-06-03-8,10265
78.0,156.70252552883537,296.4508251369937,aba2015-06-04-10,10272
48.0,168.15730472249402,204.23985262804155,aba2015-06-04-11,10272
50.0,317.6421731997395,154.4115631356264,aba2015-06-04-13,10272
70.0,238.6041967634948,386.943580766897,aba2015-06-04-15,10272
73.0,175.50911767592504,109.85897051746096,aba2015-06-04-17,10272
84.0,213.97642149712863,163.00264753087038,aba2015-06-04-18,10272
72.0,188.7759072710796,199.0852019908952,aba2015-06-04-22,10272
86.0,293.01439793337335,317.0694276855792,aba2015-06-04-23,10272
74.0,263.23197202986086,199.0852019908952,aba2015-06-04-27,10272
56.0,327.95147447403224,349.71554838750643,aba2015-06-04-28,10272
79.0,112.60162563324955,299.3145199354083,aba2015-06-04-29,10272
79.0,113.74710355261544,299.3145199354083,aba2015-06-04-6,10272
63.0,153.26609177073777,333.6788575163843,aba2015-07-07-12,10273
83.0,305.6146550463979,315.35121080653045,aba2015-07-07-13,10273
82.0,195.6487747872748,419.5897014688242,aba2015-07-07-14,10273
82.0,164.72087096439645,172.73920984548027,aba2015-07-07-15,10273
60.0,342.2699484661056,189.9213786359682,aba2015-07-07-17,10273
69.0,325.6605186353005,179.61207736167546,aba2015-07-07-19,10273
79.0,189.92138519044545,131.5020047483091,aba2015-07-07-22,10273
47.0,352.0065107807154,228.29488893472472,aba2015-07-07-5,10273
62.0,82.81919972973706,248.91349148331028,aba2015-07-07-9,10273
77.0,239.7496746828606,207.6762863861392,aba2015-07-15-10,10271
64.0,328.5242134337152,253.49540316077372,aba2015-07-15-15,10271
77.0,148.11144113359137,366.8977171779944,aba2015-07-15-16,10271
77.0,353.7247276597642,393.2437093234093,aba2015-07-15-17,10271
81.0,214.5491604568116,282.7050901046033,aba2015-07-15-18,10271
70.0,188.20316831139667,172.1664708857973,aba2015-07-15-1,10271
80.0,341.6972095064226,240.8951460477492,aba2015-07-15-23,10271
56.0,317.0694342400565,178.4665994423096,aba2015-07-15-26,10271
58.0,305.04191608671493,309.05108225001817,aba2015-07-15-27,10271
77.0,240.32241364254352,230.58584477345647,aba2015-07-15-29,10271
55.0,348.57007702261785,447.6539104932879,aba2015-07-15-30,10271
68.0,221.99476693268969,213.40367598296848,aba2015-07-15-32,10271
55.0,395.5346717166183,154.98430209530932,aba2015-07-15-33,10271
53.0,166.4390878434452,233.4495395718712,aba2015-07-15-34,10271
63.0,337.6880367886421,413.8623118719949,aba2015-07-15-35,10271
59.0,332.69747150033453,120.90665627028903,aba2015-07-15-39,10270
63.0,439.6355716122041,181.90303320040715,aba2015-07-15-3,10271
57.0,205.2786031012469,193.2254734697712,aba2015-07-15-40,10270
59.0,193.79942576799576,153.62231167005478,aba2015-07-15-42,10270
78.0,301.60548232861737,130.92926578862614,aba2015-07-15-44,10270
74.0,168.15730472249402,274.68674466904224,aba2015-07-15-45,10270
68.0,415.007796345838,390.9527534846776,aba2015-07-15-4,10271
54.0,216.84011629554328,134.36569954672376,aba2015-07-15-51,10270
63.0,139.52035673834737,156.1297800146752,aba2015-07-15-55,10270
83.0,281.5596187397147,168.73003712769977,aba2015-07-15-56,10270
87.0,196.22151374695773,167.58455920833387,aba2015-07-15-57,10270
57.0,270.10483954605604,170.44825400674853,aba2015-07-15-59,10270
46.0,472.2816923141313,209.9672422248709,aba2015-07-15-5,10271
81.0,224.2857227714214,302.750953693506,aba2015-07-15-61,10270
47.0,209.9672487793481,181.90303320040715,aba2015-07-15-65,10270
77.0,232.3040682069825,187.05768383755355,aba2015-07-15-66,10270
54.0,201.3761643841041,226.576672055676,aba2015-07-15-67,10270
57.0,199.6579475050553,222.5674993378954,aba2015-07-15-68,10270
86.0,341.6972095064226,328.524206879238,aba2015-07-15-69,10270
80.0,211.112726698714,368.61593405704326,aba2015-07-15-6,10271
89.0,173.3119553596404,356.0156769440187,aba2015-07-15-71,10270
49.0,227.722156529519,297.59630305635955,aba2015-07-15-7,10271
72.0,407.5621898699599,256.35909795918843,aba2015-07-15-8,10271
68.0,344.2098581135514,99.52883925014427,aba2015-07-28-11,10286
76.0,128.55752317354333,338.07300786601195,aba2015-07-28-13,10286
64.0,341.174256910833,381.4915591533546,aba2015-07-28-14,10286
68.0,286.42455320804584,340.9365266473449,aba2015-07-28-15,10286
71.0,181.52198804298587,377.8598809851846,aba2015-07-28-18,10286
81.0,261.4570393421943,342.72061273434963,aba2015-07-28-18,10286
62.0,179.61208391615267,337.68803023416484,aba2015-07-28-1,10270
81.0,221.77454923366892,300.81402522192127,aba2015-07-28-20,10286
58.0,298.7691911163532,359.2676819273676,aba2015-07-28-21,10286
67.0,160.93223016053471,443.7462065506616,aba2015-07-28-22,10286
69.0,296.7066516270423,95.71308252952645,aba2015-07-28-23,10286
72.0,269.7767595459485,315.2864410815699,aba2015-07-28-25,10286
68.0,154.23826217296318,142.8713339268167,aba2015-07-28-26,10286
59.0,164.5496225647725,126.97894288757917,aba2015-07-28-27,10286
76.0,315.35121736100774,327.951467919555,aba2015-07-28-2,10270
56.0,253.01103257741624,161.08473882625208,aba2015-07-28-30,10286
75.0,227.3371873843288,121.20784289223307,aba2015-07-28-31,10286
49.0,171.0115540248606,197.69212398035307,aba2015-07-28-3,10286
64.0,312.71498952920695,98.08468814466198,aba2015-07-28-4,10286
75.0,176.94056806269936,162.11803975332057,aba2015-07-28-7,10286
85.0,213.70045509729965,149.07420887007527,aba2015-07-28-8,10286
65.0,357.18259255125827,181.0908756274472,aba2015-07-28-9,10286
64.0,362.813861993777,117.30649234609764,aba2015-07-29-10,10286
59.0,242.7526238827096,169.23285659872704,aba2015-07-29-14,10286
60.0,308.5646797027198,449.0823191847164,aba2015-07-29-15,10286
64.0,425.3662562481433,264.0970812041472,aba2015-07-29-16,10286
73.0,375.5625383302978,92.1556741068232,aba2015-07-29-21,10286
60.0,326.94462322001993,108.16401200898788,aba2015-07-29-21,10286
62.0,331.0949330465071,165.08254677223994,aba2015-07-29-34,10286
61.0,209.5501452708125,320.4227145636154,aba2015-07-29-37,10286
63.0,69.41174748210751,85.48862583709156,aba2015-07-29-41,10286
73.0,189.55802103795529,418.1814067514497,aba2015-07-29-42,10286
73.0,108.16400522376978,269.43319383820204,aba2015-07-29-43,10286
70.0,212.25820461807984,129.21104890957736,aba2015-07-29-52,10267
78.0,145.82048529485965,269.5320940318959,aba2015-07-29-54,10267
63.0,334.2516030305445,205.9580695070904,aba2015-07-29-57,10267
73.0,398.9711054747159,142.38404498228482,aba2015-07-29-60,10267
85.0,285.56879145749525,75.37358669938169,aba2015-07-29-63,10267
55.0,192.2123410291772,193.35781239406583,aba2015-07-29-65,10267
72.0,360.0248562162765,158.42073585340694,aba2015-07-29-66,10267
59.0,175.0301722386892,116.0380528368699,aba2015-07-29-67,10267
66.0,353.0322849865105,193.541814153866,aba2015-07-29-9,10286
65.0,226.3025616330808,248.61549873051388,mba2010-08-26-10,10216
66.0,274.11401226383657,256.35909795918843,mba2010-08-26-11,10216
63.0,238.6041967634948,260.94100963665187,mba2010-08-26-12,10216
64.0,228.86763444888487,253.49540316077372,mba2010-08-26-13,10216
67.0,232.3040682069825,264.9501823544324,mba2010-08-26-14,10216
64.0,282.13235769939763,262.08648755601774,mba2010-08-26-15,10216
65.0,224.8584617311044,244.90431876552967,mba2010-08-26-16,10216
61.0,274.68675122351954,271.2503109109447,mba2010-08-26-17,10216
61.0,238.6041967634948,281.5596121852374,mba2010-08-26-18,10216
81.0,258.07732139271445,275.8322225884081,mba2010-08-26-19,10216
70.0,237.41651124865467,270.6189966457698,mba2010-08-26-1,10215
61.0,282.7050966590806,257.5045758785543,mba2010-08-26-20,10216
65.0,267.8138837073243,242.613362926798,mba2010-08-26-21,10216
71.0,251.05324353568383,258.16806716630845,mba2010-08-26-2,10215
65.0,236.23070844108693,261.1325741852278,mba2010-08-26-3,10215
70.0,270.6189898605518,237.4165180338728,mba2010-08-26-4,10215
58.0,252.3499317958851,268.38661611253,mba2010-08-26-5,10217
63.0,237.45871884412887,243.18610188648097,mba2010-08-26-6,10216
89.0,265.5229278685926,256.93183691887134,mba2010-08-26-7,10216
62.0,247.76802011842167,240.8951460477492,mba2010-08-26-8,10216
68.0,255.7863655539828,237.4587122896517,mba2010-08-26-9,10216
52.0,447.4226429594439,105.93117885712287,mba2010-08-27-10,10222
43.0,133.94735591855184,427.72635414293967,mba2010-08-27-10,10222
60.0,476.148739045148,128.85704461877216,mba2010-08-27-11,10222
51.0,165.9918033355193,349.8146444490807,mba2010-08-27-11,10222
69.0,461.8382164994098,121.4806151369516,mba2010-08-27-12,10222
59.0,79.57105351965427,410.9425367659901,mba2010-08-27-12,10222
57.0,53.01891723051999,302.954259272592,mba2010-08-27-13,10222
55.0,143.2303448223559,365.5138890205543,mba2010-08-27-14,10222
77.0,332.84364400272267,81.71520824524916,mba2010-08-27-14,10222
91.0,398.0335608035437,216.11647956358323,mba2010-08-27-15,10222
73.0,420.4878726603772,117.69650053276324,mba2010-08-27-15,10222
88.0,97.58927191020616,191.9728121318846,mba2010-08-27-15,10222
72.0,16.112339105959904,326.5261468771825,mba2010-08-27-15,10222
73.0,437.1579852329198,322.3662184688465,mba2010-08-27-16,10222
27.0,43.42024643981865,124.36666028352523,mba2010-08-27-16,10222
82.0,304.4143698762327,66.06801234033267,mba2010-08-27-1,10218
75.0,248.6816379205483,252.83195453225352,mba2010-08-27-2,10218
57.0,246.90293370919667,201.24953240305632,mba2010-08-27-3,10218
55.0,208.3643424632448,301.4498696425313,mba2010-08-27-4,10218
93.0,334.0594400654265,114.6859274506105,mba2010-08-27-5,10218
69.0,442.8975738995454,81.87744457931791,mba2010-08-27-6,10222
34.0,75.18873446197239,365.149650777972,mba2010-08-27-6,10222
28.0,153.28281057660038,369.3799011803882,mba2010-08-27-7,10222
59.0,98.06869476674972,177.83605246313488,mba2010-08-27-8,10222
60.0,459.29449931794034,308.9343992688858,mba2010-08-27-8,10222
53.0,60.41291951845512,345.4807525366791,mba2010-08-27-9,10222
72.0,253.4911479009017,452.6548812012469,mba2010-08-29-2,10221
64.0,133.5337447684273,441.17570386799576,mba2010-08-29-3,10221
50.0,145.586880968341,414.1996371348556,mba2010-08-29-4,10221
80.0,266.69220183414046,16.44614253770368,mba2010-08-29-5,10221
39.0,270.7099139007784,495.70179620093865,mba2010-08-29-5,10221
63.0,283.2778356187635,262.08648755601774,mba2010-08-30-10,10216
60.0,270.10483954605604,280.4141342658716,mba2010-08-30-3,10216
64.0,260.9410161911291,158.99347481308985,mba2010-08-30-4,10216
64.0,268.95936162669017,229.4403668540906,mba2010-08-30-5,10216
63.0,270.677578505739,221.99476037821245,mba2010-08-30-6,10216
64.0,266.6684057879585,160.13895273245572,mba2010-08-30-7,10216
60.0,200.23068646473823,321.07860040335976,mba2010-08-30-7,10216
64.0,264.95018890890964,240.3224070880663,mba2010-08-30-8,10216
66.0,257.50458243303154,223.14023829757832,mba2010-08-30-9,10216
66.0,179.45227772451253,55.53178997053904,mba2010-09-09-1,10220
70.0,169.6931533681684,205.8525685363474,mba2010-09-09-2,10220
79.0,57.58897372357711,452.9449046415551,mba2010-09-09-3,10220
69.0,471.595851310352,45.370676690727805,mba2010-09-09-3,10220
72.0,413.625671699755,27.92531987095481,mba2010-09-09-4,10220
74.0,101.39204823532414,465.2819762678232,mba2010-09-09-4,10220
73.0,62.93680416893284,31.943031937592707,mba2010-09-09-5,10220
74.0,350.4887501872282,474.80376390466233,mba2010-09-09-5,10220
68.0,161.6577292348926,72.12015260397169,mba2010-09-09-6,10220
66.0,64.08472190225794,196.095267803084,mba2010-09-09-7,10220
74.0,99.86338557079551,244.53133487927929,mba2011-02-03-1,10231
92.0,133.65876558647642,302.6356724500991,mba2011-02-03-1,10231
75.0,361.3329046394848,362.51871423227055,mba2011-02-03-1,10231
47.0,275.95510249460665,195.3205183652176,mba2011-02-03-4,10231
51.0,255.79645476595485,441.374600935526,mba2011-02-16-100,10218
63.0,234.4520042297353,280.6983205100957,mba2011-02-16-101,10218
61.0,273.5834968794711,310.93629210307336,mba2011-02-16-102,10218
62.0,272.99059547568726,252.2390531284697,mba2011-02-16-103,10218
55.0,245.71713090162896,262.31837699279555,mba2011-02-16-104,10218
59.0,280.69831372487766,236.230715226305,mba2011-02-16-105,10218
66.0,258.1680603810904,117.65043446952984,mba2011-02-16-106,10218
62.0,302.63566566488106,268.24739103063433,mba2011-02-16-107,10218
42.0,267.0615814378485,137.21618079439776,mba2011-02-16-108,10218
52.0,230.30169440324812,234.45201101495337,mba2011-02-16-10,10218
71.0,269.433187052984,256.9822643587407,mba2011-02-16-110,10218
56.0,238.00941265243856,261.1325741852278,mba2011-02-16-111,10218
68.0,253.4248491508193,300.2640668349636,mba2011-02-16-112,10218
63.0,293.7421446081229,266.4686868192827,mba2011-02-16-113,10218
65.0,256.38935616973873,277.7338134911763,mba2011-02-16-114,10218
70.0,291.3705389929874,269.43319383820204,mba2011-02-16-115,10218
68.0,287.81313057028416,269.43319383820204,mba2011-02-16-116,10218
44.0,291.3705389929874,278.9196162987441,mba2011-02-16-117,10218
66.0,226.15138457676105,275.9551092798247,mba2011-02-16-11,10218
65.0,230.30169440324812,245.1242362830632,mba2011-02-16-120,10218
62.0,242.7526238827096,256.9822643587407,mba2011-02-16-121,10218
42.0,200.0637228102705,224.37268715062748,mba2011-02-16-122,10218
62.0,268.24738424541624,264.0970812041472,mba2011-02-16-123,10218
65.0,236.8236098448708,271.8047994533376,mba2011-02-16-124,10218
59.0,254.61065195838708,264.0970812041472,mba2011-02-16-127,10218
38.0,266.4686800340646,130.69426535277512,mba2011-02-16-128,10218
64.0,258.1680603810904,244.53133487927929,mba2011-02-16-129,10218
60.0,230.30169440324812,243.3455320717116,mba2011-02-16-12,10218
56.0,167.45414560215735,159.15353273440115,mba2011-02-16-130,10218
55.0,261.7254688037936,262.31837699279555,mba2011-02-16-131,10218
65.0,237.41651124865467,261.7254755890117,mba2011-02-16-132,10218
59.0,261.13256740000975,255.7964615511729,mba2011-02-16-133,10218
61.0,229.1158915956804,267.06158822306656,mba2011-02-16-134,10218
47.0,372.0051299075945,179.31218046305293,mba2011-02-16-135,10218
64.0,130.10135716377317,344.73167211875426,mba2011-02-16-135,10218
65.0,263.5041730151452,238.00941943765665,mba2011-02-16-136,10218
62.0,274.176398283255,304.4143766614507,mba2011-02-16-138,10218
60.0,242.7526238827096,258.16806716630845,mba2011-02-16-139,10218
63.0,265.28287722649685,274.17640506847306,mba2011-02-16-13,10218
62.0,265.28287722649685,275.3622078760408,mba2011-02-16-140,10218
66.0,249.8674407281161,259.35386997387616,mba2011-02-16-141,10218
61.0,238.60231405622244,227.33719416954688,mba2011-02-16-142,10218
57.0,265.28287722649685,252.2390531284697,mba2011-02-16-143,10218
55.0,263.5041730151452,233.2662082073857,mba2011-02-16-144,10218
48.0,443.74619976544346,283.6628275290151,mba2011-02-16-145,10218
51.0,101.64208978214714,208.36434924846287,mba2011-02-16-145,10218
62.0,263.5041730151452,227.33719416954688,mba2011-02-16-146,10218
51.0,264.09707441892914,249.86744751333416,mba2011-02-16-147,10218
54.0,264.689975822713,254.6106587436052,mba2011-02-16-148,10218
64.0,230.8945958070321,272.39770085712144,mba2011-02-16-149,10218
58.0,291.96344039677126,157.37482852304953,mba2011-02-16-14,10218
62.0,255.79645476595485,230.89460259225007,mba2011-02-16-150,10218
62.0,254.01775055460325,239.1952222452244,mba2011-02-16-151,10218
60.0,256.38935616973873,256.9822643587407,mba2011-02-16-152,10218
55.0,370.22642569624287,286.03442409719315,mba2011-02-16-153,10218
63.0,233.2662014221676,92.74856646364964,mba2011-02-16-153,10218
51.0,239.19521546000632,260.5396727814439,mba2011-02-16-154,10218
33.0,246.3100323054128,262.9112783965794,mba2011-02-16-155,10218
54.0,248.08873651676444,242.75263066792763,mba2011-02-16-156,10218
60.0,268.24738424541624,246.31003909063088,mba2011-02-16-157,10218
60.0,267.6544828416324,251.6461517246858,mba2011-02-16-158,10218
57.0,283.06991934001314,259.94677137766007,mba2011-02-16-159,10218
56.0,96.30597714809224,138.40198360196553,mba2011-02-16-15,10218
50.0,268.8402856492001,426.5520658409291,mba2011-02-16-15,10218
60.0,150.85290629620883,159.15353273440115,mba2011-02-16-160,10218
51.0,405.80050992327546,305.6001794690185,mba2011-02-16-160,10218
54.0,176.94056806269936,84.44795585763282,mba2011-02-16-161,10218
62.0,266.4686800340646,236.230715226305,mba2011-02-16-162,10218
43.0,255.2035533621709,104.60660358628456,mba2011-02-16-164,10218
55.0,235.63780703730305,291.37054577820544,mba2011-02-16-166,10218
63.0,242.7526238827096,268.8402924344182,mba2011-02-16-167,10218
60.0,248.6816379205483,257.57516576252453,mba2011-02-16-16,10218
62.0,242.1597224789257,243.3455320717116,mba2011-02-16-170,10218
61.0,185.8340891194575,86.22666006898444,mba2011-02-16-171,10218
50.0,296.7066516270423,404.0218124971418,mba2011-02-16-171,10218
47.0,404.02180571192383,454.4184318187713,mba2011-02-16-172,10218
43.0,144.92389225837007,441.96750233930993,mba2011-02-16-172,10218
52.0,233.2662014221676,274.7693064722569,mba2011-02-16-173,10218
64.0,276.5480038983905,234.45201101495337,mba2011-02-16-174,10218
67.0,245.12422949784505,288.4060387592861,mba2011-02-16-175,10218
59.0,279.5125109173099,280.10541910631184,mba2011-02-16-176,10218
57.0,247.4958351129806,261.1325741852278,mba2011-02-16-177,10218
62.0,243.9384266902773,252.2390531284697,mba2011-02-16-178,10218
62.0,250.4603421319,258.7609685700923,mba2011-02-16-179,10218
68.0,247.4958351129806,254.6106587436052,mba2011-02-16-17,10218
46.0,158.5606245453992,54.80288566843902,mba2011-02-16-18,10218
70.0,259.3538631886581,245.71713768684705,mba2011-02-16-19,10218
66.0,74.36862520808886,248.0887433019825,mba2011-02-16-1,10218
46.0,411.1366225573303,234.45201101495337,mba2011-02-16-1,10218
65.0,216.0720607124352,265.8757854154988,mba2011-02-16-20,10218
60.0,251.6461449394677,249.27454610955027,mba2011-02-16-21,10218
54.0,329.31622883515547,331.68784123550904,mba2011-02-16-22,10218
54.0,102.82789258971488,181.6837860781885,mba2011-02-16-22,10218
59.0,254.61065195838708,261.1325741852278,mba2011-02-16-23,10218
58.0,229.1158915956804,251.6461517246858,mba2011-02-16-25,10218
59.0,259.946764592442,273.5835036646892,mba2011-02-16-26,10218
63.0,273.5834968794711,271.8047994533376,mba2011-02-16-27,10218
59.0,416.4727351913852,136.6232793906139,mba2011-02-16-28,10218
68.0,130.10135716377317,404.6147139009257,mba2011-02-16-28,10218
65.0,245.71713090162896,252.2390531284697,mba2011-02-16-29,10218
66.0,229.1158915956804,229.1158983808985,mba2011-02-16-30,10218
66.0,238.00941265243856,281.29122191387955,mba2011-02-16-31,10218
75.0,265.28287722649685,240.38102505279213,mba2011-02-16-32,10218
56.0,268.24738424541624,246.31003909063088,mba2011-02-16-33,10218
54.0,216.0720607124352,348.8819819452414,mba2011-02-16-34,10218
57.0,236.8236098448708,256.3893629549568,mba2011-02-16-35,10218
70.0,239.78811686379012,233.85910961116952,mba2011-02-16-37,10218
62.0,252.83194774703543,274.7693064722569,mba2011-02-16-38,10218
63.0,243.34552528649343,256.3893629549568,mba2011-02-16-3,10218
59.0,343.54586252596846,105.19950499006848,mba2011-02-16-40,10218
55.0,217.2578635200029,452.04682620363576,mba2011-02-16-40,10218
65.0,237.41651124865467,260.5396727814439,mba2011-02-16-41,10218
44.0,89.78406170646963,73.18282918573917,mba2011-02-16-42,10218
26.0,444.9320025730112,174.5689692327819,mba2011-02-16-42,10218
62.0,254.61065195838708,271.21189804955367,mba2011-02-16-43,10218
58.0,245.71713090162896,256.3893629549568,mba2011-02-16-44,10218
48.0,195.3205115799995,239.7881236490083,mba2011-02-16-45,10218
64.0,249.2745393243322,238.00941943765665,mba2011-02-16-46,10218
58.0,258.1680603810904,354.81099598308015,mba2011-02-16-47,10218
63.0,235.63780703730305,251.6461517246858,mba2011-02-16-48,10218
66.0,242.1597224789257,272.9906022609053,mba2011-02-16-4,10218
53.0,258.76096178487427,254.0177573398213,mba2011-02-16-50,10218
63.0,242.1597224789257,252.83195453225352,mba2011-02-16-51,10218
59.0,249.8674407281161,251.6461517246858,mba2011-02-16-52,10218
54.0,283.66282074379706,275.3622078760408,mba2011-02-16-53,10218
59.0,267.0615814378485,236.8236166300889,mba2011-02-16-54,10218
46.0,248.6816379205483,264.68998260793103,mba2011-02-16-55,10218
68.0,213.10755369351577,261.1325741852278,mba2011-02-16-56,10218
63.0,233.2662014221676,234.45201101495337,mba2011-02-16-57,10218
61.0,249.8674407281161,246.31003909063088,mba2011-02-16-58,10218
54.0,264.689975822713,263.5041798003633,mba2011-02-16-60,10218
64.0,279.5125109173099,243.9384334754954,mba2011-02-16-61,10218
67.0,240.97391967135795,246.9029404944148,mba2011-02-16-62,10218
69.0,277.7338067059583,287.8131373555022,mba2011-02-16-63,10218
56.0,267.0615814378485,267.06158822306656,mba2011-02-16-64,10218
66.0,261.13256740000975,267.6544896268504,mba2011-02-16-65,10218
74.0,286.6273277627164,252.83195453225352,mba2011-02-16-66,10218
60.0,286.03442635893254,279.512517702528,mba2011-02-16-67,10218
60.0,255.2035533621709,345.3245735225382,mba2011-02-16-68,10218
63.0,234.4520042297353,264.68998260793103,mba2011-02-16-69,10218
49.0,398.09279167408505,124.17234991115248,mba2011-02-16-6,10218
59.0,265.8757786302808,260.5396727814439,mba2011-02-16-71,10218
57.0,235.63780703730305,274.17640506847306,mba2011-02-16-72,10218
64.0,312.1220881254231,255.7964615511729,mba2011-02-16-74,10218
47.0,69.62541397781784,106.9782092014201,mba2011-02-16-75,10218
53.0,259.3538631886581,229.7087997846824,mba2011-02-16-77,10218
43.0,305.60017268380045,88.00536428033607,mba2011-02-16-79,10218
44.0,106.38530101241815,358.9613058095673,mba2011-02-16-79,10218
67.0,295.52084881947457,223.18688434305977,mba2011-02-16-7,10218
67.0,229.7087929994643,254.0177573398213,mba2011-02-16-80,10218
48.0,259.946764592442,65.47511093654879,mba2011-02-16-81,10218
58.0,270.02608845676787,278.9196162987441,mba2011-02-16-82,10218
64.0,256.38935616973873,233.85910961116952,mba2011-02-16-83,10218
64.0,232.0803986145998,261.7254755890117,mba2011-02-16-85,10218
63.0,254.01775055460325,306.78598227658625,mba2011-02-16-86,10218
69.0,248.6816379205483,267.06158822306656,mba2011-02-16-88,10218
61.0,240.97391967135795,262.31837699279555,mba2011-02-16-89,10218
71.0,272.3976940719034,274.17640506847306,mba2011-02-16-8,10218
60.0,273.5834968794711,265.8757854154988,mba2011-02-16-90,10218
61.0,238.60231405622244,282.4770247214473,mba2011-02-16-91,10218
55.0,402.83600290435606,381.4915591533546,mba2011-02-16-92,10218
53.0,264.09707441892914,248.0887433019825,mba2011-02-16-93,10218
62.0,244.5313280940612,299.07826402739585,mba2011-02-16-94,10218
63.0,288.406031974068,278.9196162987441,mba2011-02-16-95,10218
54.0,272.99059547568726,270.026095241986,mba2011-02-16-96,10218
22.0,199.47082140648664,150.8529130814269,mba2011-02-16-97,10218
42.0,286.6273277627164,353.62519317551244,mba2011-02-16-97,10218
56.0,353.0322849865105,343.5458693111865,mba2011-02-16-98,10218
49.0,114.09301926160856,172.19736361764643,mba2011-02-16-98,10218
64.0,249.8674407281161,264.68998260793103,mba2011-02-16-99,10218
61.0,251.05324353568383,274.7693064722569,mba2011-02-16-9,10218
55.0,421.80884782544007,261.7254755890117,mba2011-03-02-10,10239
57.0,344.7318351804463,269.97676383161667,mba2011-03-02-12,10239
33.0,232.67330001838369,248.6816447057664,mba2011-03-02-1,10239
83.0,261.13256740000975,157.9677299268334,mba2011-03-02-2,10239
112.0,370.8193271000268,328.72333421658965,mba2011-03-02-2,10239
78.0,332.28073585407486,379.712854942003,mba2011-03-02-3,10239
76.0,282.81286861856654,412.2300903403947,mba2011-03-02-4,10239
30.0,192.39459757903563,269.86940827815465,mba2011-03-02-4,10239
48.0,256.9822575735226,252.2390531284697,mba2011-03-02-5,10239
73.0,381.4915523681365,277.7338134911763,mba2011-03-02-7,10239
92.0,319.82980637461344,203.62113801819183,mba2011-03-02-7,10239
70.0,399.8714958854367,339.3955594846994,mba2011-03-02-8,10239
42.0,186.42699052324136,120.61494148844923,mba2011-03-24-10,10237
95.0,150.26000489242494,159.15353273440115,mba2011-03-24-11,10237
67.0,195.9134129837834,120.02204008466538,mba2011-03-24-12,10237
48.0,175.40059778531145,96.46506058034949,mba2011-03-24-13,10237
63.0,138.8112936478816,41.65633101805453,mba2011-03-24-14,10237
29.0,275.36220109082274,210.73595486359835,mba2011-03-24-17,10237
93.0,380.8986509643527,106.38530779763624,mba2011-03-24-17,10237
62.0,364.29741165840414,64.28930812898105,mba2011-03-24-18,10237
74.0,259.3538631886581,267.06158822306656,mba2011-03-24-18,10237
64.0,155.00321612269596,113.50012464304274,mba2011-03-24-19,10237
76.0,377.3412425416494,88.00536428033607,mba2011-03-24-1,10237
75.0,361.9258060432686,195.91341976900145,mba2011-03-24-20,10237
38.0,420.31091773439687,167.67415405619667,mba2011-03-24-20,10237
25.0,400.6632834551001,186.464537797396,mba2011-03-24-20,10237
52.0,252.05027414012653,218.68807056148412,mba2011-03-24-20,10237
66.0,216.66496211621904,47.09516741924864,mba2011-03-24-21,10237
41.0,340.5813555070491,91.56277270303931,mba2011-03-24-2,10237
87.0,293.14924320433903,382.0844605571384,mba2011-03-24-2,10237
75.0,438.4100871313886,191.17020853873044,mba2011-03-24-3,10237
45.0,354.8109891978621,380.8986577495707,mba2011-03-24-5,10237
58.0,145.9467086239145,119.6028299842216,mba2011-03-24-6,10237
71.0,289.5918347816358,89.78406849168769,mba2011-03-24-7,10237
78.0,354.8109891978621,124.17234991115248,mba2011-03-24-8,10237
113.0,331.6878321885515,112.31431278851755,mba2011-03-24-9,10237
81.0,315.0865951443424,184.055391693324,mba2011-03-25-1,10238
32.0,259.45796439283373,18.54140997082669,mba2011-03-25-1,10238
74.0,194.7120219968464,177.78366130564427,mba2011-03-25-2,10238
86.0,196.029074677978,123.79182066656644,mba2011-03-25-3,10238
98.0,228.3002828860417,308.1308617311932,mba2011-03-25-4,10238
103.0,316.65912972566593,154.34045045993977,mba2011-03-25-4,10238
47.0,346.08009341711283,323.3215744027884,mba2011-03-25-4,10238
20.0,237.23259876991003,302.2543173742976,mba2011-03-25-4,10238
79.0,128.84095708527644,275.3319929871442,mba2011-03-25-5,10238
63.0,344.7316653335362,130.69426535277512,mba2011-03-25-6,10238
106.0,195.9282893031232,354.7216962553823,mba2011-03-25-6,10238
123.0,325.06040426438926,284.6673577514304,mba2011-03-25-6,10238
27.0,374.6658199591459,251.30190869615973,mba2011-03-25-7,10238
57.0,313.0524176450026,179.1882485772034,mba2011-03-25-8,10238
60.0,309.5712671905869,296.9144275811115,mba2011-03-25-8,10238
65.0,259.4101100733602,130.32409037328057,mba2011-03-25-8,10238
80.0,251.55940994655944,364.773966004675,mba2011-03-25-8,10238
102.0,288.21826726814913,300.0571176950107,mba2011-03-25-8,10238
53.0,329.8657124183811,331.1122734486134,mba2011-03-25-9,10238
50.0,298.4188518391916,219.0924160108308,mba2011-03-25-9,10238
64.0,271.21189126433563,224.9655885544114,mba2011-04-12-10,10219
55.0,178.71927227405098,347.69617913767365,mba2011-04-12-11,10219
75.0,251.05324353568383,160.93223694575278,mba2011-04-12-11,10219
64.0,253.4248491508193,274.17640506847306,mba2011-04-12-12,10219
58.0,250.4603421319,234.45201101495337,mba2011-04-12-13,10219
63.0,271.21189126433563,287.22023595171834,mba2011-04-12-14,10219
78.0,256.9822575735226,262.31837699279555,mba2011-04-12-15,10219
48.0,245.12422949784505,268.24739103063433,mba2011-04-12-16,10219
63.0,313.9007923367747,249.86744751333416,mba2011-04-12-17,10219
63.0,300.2640600497455,193.541814153866,mba2011-04-12-18,10219
81.0,249.8674407281161,271.21189804955367,mba2011-04-12-19,10219
65.0,279.5125109173099,234.45201101495337,mba2011-04-12-1,10219
72.0,318.6440035670457,249.86744751333416,mba2011-04-12-20,10219
75.0,224.37268036540945,278.3267148949602,mba2011-04-12-21,10219
74.0,287.2202291665003,193.541814153866,mba2011-04-12-22,10219
70.0,332.8736372578587,230.89460259225007,mba2011-04-12-23,10219
65.0,272.99059547568726,326.944630005238,mba2011-04-12-24,10219
61.0,323.9801162011006,260.5396727814439,mba2011-04-12-25,10219
53.0,321.0156091821812,236.230715226305,mba2011-04-12-26,10219
61.0,275.95510249460665,199.4708281917047,mba2011-04-12-27,10219
60.0,276.5480038983905,205.9927436333273,mba2011-04-12-28,10219
81.0,225.5584831729772,285.4415317403667,mba2011-04-12-29,10219
64.0,245.71713090162896,255.7964615511729,mba2011-04-12-2,10219
70.0,412.915326768682,213.7004618825177,mba2011-04-12-30,10219
61.0,168.0470470059412,326.3517286014541,mba2011-04-12-30,10219
62.0,358.36839762056536,240.38102505279213,mba2011-04-12-31,10219
50.0,344.1387639297524,354.81099598308015,mba2011-04-12-32,10219
74.0,160.93223016053471,137.21618079439776,mba2011-04-12-32,10219
66.0,309.1575811065037,200.0637295954886,mba2011-04-12-33,10219
67.0,306.78597549136816,219.62947592035647,mba2011-04-12-34,10219
63.0,258.1680603810904,219.0365745165726,mba2011-04-12-35,10219
63.0,257.5751589773065,241.56682786035992,mba2011-04-12-3,10219
53.0,262.3183702075775,265.8757854154988,mba2011-04-12-4,10219
63.0,244.5313280940612,189.3915043273788,mba2011-04-12-5,10219
47.0,211.3288494821641,230.30170118846627,mba2011-04-12-6,10219
61.0,156.78192033404758,324.5730243901025,mba2011-04-12-7,10219
58.0,369.0406228886752,157.9677299268334,mba2011-04-12-7,10219
66.0,187.61279333080915,179.90508186683684,mba2011-04-12-8,10219
67.0,265.8757786302808,276.5480106836086,mba2011-04-12-9,10219
74.0,151.07167023178755,207.8898892476282,mba2011-04-21-1,10228
100.0,153.95148132295068,207.4328468193967,mba2011-04-21-1,10228
67.0,252.83194774703543,251.0532503209019,mba2011-04-22-10,10215
65.0,248.6816379205483,282.4770247214473,mba2011-04-22-11,10215
65.0,266.4686800340646,261.1325741852278,mba2011-04-22-12,10215
66.0,273.5834968794711,246.9029404944148,mba2011-04-22-13,10215
64.0,278.91960951352604,252.83195453225352,mba2011-04-22-14,10215
63.0,240.3810182675741,267.06158822306656,mba2011-04-22-15,10215
64.0,58.95318870970809,218.4436731127888,mba2011-04-22-16,10215
64.0,267.0615814378485,269.43319383820204,mba2011-04-22-17,10215
63.0,243.34552528649343,227.9300955733308,mba2011-04-22-18,10215
52.0,283.662820743797,242.75263066792763,mba2011-04-22-19,10215
60.0,241.5668210751418,263.5041798003633,mba2011-04-22-1,10215
63.0,273.5834968794711,251.6461517246858,mba2011-04-22-20,10215
62.0,279.5125109173099,249.86744751333416,mba2011-04-22-21,10215
66.0,237.41651124865467,245.1242362830632,mba2011-04-22-22,10215
57.0,265.28287722649685,253.42485593603743,mba2011-04-22-23,10215
65.0,281.8841165324454,254.6106587436052,mba2011-04-22-24,10215
67.0,256.9822575735226,226.1513913619791,mba2011-04-22-2,10215
70.0,219.4254645986352,124.53686385554666,mba2011-04-22-3,10215
65.0,248.6816379205483,270.026095241986,mba2011-04-22-4,10215
59.0,267.0615814378485,253.42485593603743,mba2011-04-22-5,10215
67.0,242.7526238827096,249.27454610955027,mba2011-04-22-6,10215
65.0,272.99059547568726,244.53133487927929,mba2011-04-22-7,10215
65.0,278.3267081097421,258.7609685700923,mba2011-04-22-8,10215
67.0,255.2035533621709,291.37054577820544,mba2011-04-22-9,10215
72.0,295.878092731788,209.39450326518795,mba2011-07-15-10,10201
69.0,252.3499317958851,192.2123344747,mba2011-07-15-11,10201
70.0,250.05897595715336,286.71426282238383,mba2011-07-15-12,10201
80.0,272.9685343444707,247.1952746042615,mba2011-07-15-13,10201
79.0,280.98687978003176,209.39450326518795,mba2011-07-15-1,10201
51.0,256.35910451366567,248.91349148331028,mba2011-07-15-2,10201
47.0,196.22151374695773,238.03145124933457,mba2011-07-15-3,10201
32.0,209.3945098196652,90.8375386108209,mba2011-07-15-3,10201
68.0,301.60548232861737,272.96852778999346,mba2011-07-15-4,10201
67.0,258.6500603523974,211.6854591039197,mba2011-07-15-5,10201
67.0,242.0406305215923,253.49540316077372,mba2011-07-15-6,10201
95.0,202.52164230347,227.14941101535885,mba2011-07-15-7,10201
82.0,237.45871884412887,303.32369265318886,mba2011-07-15-8,10201
80.0,132.6474892221522,228.29488893472472,mba2011-07-15-9,10201
68.0,223.1402448520556,216.2673707813832,mba2011-07-16-1,10201
54.0,200.23068646473823,244.33157980584684,mba2011-07-16-2,10201
64.0,226.00393965047024,204.81259158772448,mba2011-07-16-3,10201
79.0,116.46462487674404,325.1659257938864,mba2011-07-18-10,10230
74.0,195.9134129837834,72.58992778195531,mba2011-07-18-11,10230
50.0,279.5125109173099,107.57111060520396,mba2011-07-18-15,10230
79.0,372.0051299075945,378.5270521344352,mba2011-07-18-1,10230
45.0,430.70236888219824,229.7087997846824,mba2011-07-18-20,10230
96.0,344.1387639297524,421.80885461065816,mba2011-07-18-21,10230
66.0,344.7316653335362,117.057533065746,mba2011-07-18-2,10230
66.0,85.6337518799825,411.1366293425484,mba2011-07-18-3,10230
70.0,415.28693238381743,207.1785464408951,mba2011-07-18-3,10230
98.0,246.3100323054128,376.1554465192997,mba2011-07-18-3,10230
46.0,275.95510249460665,364.2974184436222,mba2011-07-18-4,10230
65.0,366.6690172735396,101.64209656736524,mba2011-07-18-5,10230
100.0,322.36621190040853,112.2972732703507,mba2011-07-30-1,10228
46.0,301.4498628573133,399.8715026706548,mba2011-07-30-2,10228
58.0,162.23168810155516,211.01819833631043,mba2011-07-31-11,10225
71.0,228.8109166344117,128.3681215369023,mba2011-07-31-12,10225
57.0,290.79847423396785,201.260897603047,mba2011-07-31-13,10225
43.0,148.45667530165375,157.06606487003012,mba2011-07-31-1,10225
32.0,92.20870636872324,255.2130310693273,mba2011-07-31-2,10225
65.0,69.62541397781784,344.1387707149704,mba2011-07-31-5,10225
67.0,219.6294691351384,194.7276169614337,mba2011-07-31-6,10225
52.0,159.1535259491831,182.86958888575617,mba2011-07-31-6,10225
73.0,331.5495537670094,240.29010053610085,mba2011-08-01-10,10240
108.0,368.6975395833768,66.86715797895837,mba2011-08-01-12,10240
45.0,446.3413270995208,228.2369643361872,mba2011-08-01-13,10240
86.0,416.4954660330678,104.26184913707488,mba2011-08-01-13,10240
49.0,278.74533803405416,344.17665540202364,mba2011-08-01-13,10240
90.0,64.6586807689205,201.8348564697095,mba2011-08-01-13,10240
72.0,275.8755437007414,169.1192010699438,mba2011-08-01-13,10240
35.0,392.3891936332405,264.39637293592824,mba2011-08-01-13,10240
43.0,69.25035170222095,192.65151460310864,mba2011-08-01-15,10240
48.0,247.7515592342761,443.4715393346459,mba2011-08-01-15,10240
106.0,445.7673682328582,286.20680986910537,mba2011-08-01-16,10240
48.0,268.41407843412816,372.8745987351514,mba2011-08-01-17,10240
89.0,152.47438736829167,350.49020293531174,mba2011-08-01-17,10240
57.0,80.7295290354721,299.9818226690067,mba2011-08-01-18,10240
51.0,217.9056981678232,195.5213089364214,mba2011-08-01-18,10240
88.0,318.92245870043314,382.6318994684149,mba2011-08-01-19,10240
59.0,170.56856184046364,114.05471813453129,mba2011-08-01-1,10240
45.0,202.1864423862912,465.04085950463127,mba2011-08-01-1,10240
89.0,215.22275163497065,161.48108699966835,mba2011-08-01-1,10240
65.0,124.43416936738208,112.1293448439535,mba2011-08-01-1,10240
50.0,256.6595917468444,368.6652875590372,mba2011-08-01-1,10240
28.0,347.620402033561,114.59310873700088,mba2011-08-01-20,10240
96.0,334.41934810032217,357.951668201925,mba2011-08-01-20,10240
108.0,235.1244641676999,383.2058583350775,mba2011-08-01-21,10240
74.0,83.02536450212232,167.97128333661868,mba2011-08-01-2,10240
66.0,399.2767000331911,223.6452934028867,mba2011-08-01-3,10240
85.0,332.123512633672,460.6903053345226,mba2011-08-01-4,10240
90.0,421.0871369663682,371.7266810018263,mba2011-08-01-4,10240
89.0,413.625671699755,98.52226047044928,mba2011-08-01-4,10240
86.0,80.7295290354721,178.87650180320725,mba2011-08-01-5,10240
62.0,211.59215063453505,402.1465009349418,mba2011-08-01-6,10240
50.0,398.128782299866,271.8578382025415,mba2011-08-01-7,10240
33.0,233.4025875677122,137.5514634035032,mba2011-08-01-8,10240
55.0,135.255621368415,234.5505118694753,mba2011-08-01-9,10240
20.0,387.79752269994,371.1527221351637,mba2011-08-01-9,10240
66.0,267.266160700803,52.0315922707822,mba2011-08-01-9,10240
46.0,145.82048529485965,132.64748266767498,mba2011-08-10-11,10224
59.0,314.7784784013248,231.15858373313932,mba2011-08-10-13,10224
41.0,251.20445387651924,299.8872588950913,mba2011-08-10-14,10224
89.0,215.6946383761774,226.00393309599303,mba2011-08-10-15,10224
53.0,285.56879145749525,225.43119413631007,mba2011-08-10-16,10224
81.0,108.0197139557861,371.47962885545786,mba2011-08-10-17,10224
86.0,380.643458764862,53.03676727174735,mba2011-08-10-17,10224
41.0,297.59630961083684,223.14023829757832,mba2011-08-10-19,10224
59.0,313.63300048195896,202.5216357489928,mba2011-08-10-1,10224
22.0,255.21362659429977,242.613362926798,mba2011-08-10-21,10224
66.0,261.5137551508121,267.24113819316415,mba2011-08-10-22,10224
58.0,269.53210058637313,254.6408810801396,mba2011-08-10-23,10224
50.0,243.18610844095812,233.4495395718712,mba2011-08-10-24,10224
90.0,288.4324862559099,256.35909795918843,mba2011-08-10-25,10224
26.0,264.95018890890964,228.29488893472472,mba2011-08-10-26,10224
98.0,240.8951526022265,258.6500537979201,mba2011-08-10-27,10224
53.0,312.4875225625931,215.69463182170017,mba2011-08-10-28,10224
26.0,232.3040682069825,230.0131058137735,mba2011-08-10-29,10224
103.0,218.5583331745921,205.38533054740745,mba2011-08-10-2,10224
74.0,232.8768071666654,234.595017491237,mba2011-08-10-30,10224
61.0,270.10483954605604,264.9501823544324,mba2011-08-10-31,10224
78.0,205.9580760615676,227.14941101535885,mba2011-08-10-32,10224
48.0,220.8492890133238,245.47705772521272,mba2011-08-10-33,10224
70.0,197.3669916663236,197.3669851118464,mba2011-08-10-34,10224
60.0,256.35910451366567,228.29488893472472,mba2011-08-10-35,10224
62.0,191.0668631098113,246.04979668489565,mba2011-08-10-36,10224
67.0,230.58585132793368,196.7942461521634,mba2011-08-10-37,10224
29.0,183.6212566339332,256.93183691887134,mba2011-08-10-38,10224
64.0,226.57667861015315,183.621250079456,mba2011-08-10-39,10224
72.0,252.3499317958851,224.8584551766271,mba2011-08-10-3,10224
59.0,259.7955382717633,231.7313226928223,mba2011-08-10-40,10224
60.0,298.1690485705197,231.7313226928223,mba2011-08-10-41,10224
83.0,411.5713625877404,249.48623044299325,mba2011-08-10-42,10224
76.0,233.4495461263484,239.7496681283833,mba2011-08-10-4,10224
38.0,289.0052252155928,240.8951460477492,mba2011-08-10-5,10224
66.0,177.89386703710386,189.3486396762853,mba2011-08-10-6,10224
78.0,262.086494110495,224.2857162169442,mba2011-08-10-7,10224
68.0,250.6317149168364,217.412848700749,mba2011-08-10-8,10224
78.0,256.35910451366567,240.3224070880663,mba2011-08-10-9,10224
64.0,118.22597676035514,322.34600503192667,mba2011-08-26-10,10235
50.0,10.31983538405703,275.6157403388754,mba2011-08-26-10,10235
50.0,159.41379294924093,267.4396200853008,mba2011-08-26-10,10235
39.0,38.2148302269088,101.9934220129677,mba2011-08-26-10,10235
81.0,110.53561083890528,222.59398293927583,mba2011-08-26-11,10235
62.0,187.01989192702524,312.714996314425,mba2011-08-26-12,10235
70.0,89.8960124439571,191.9834447671972,mba2011-08-26-13,10235
77.0,137.52946392108075,221.6067794166096,mba2011-08-26-13,10235
78.0,223.7121080138157,231.7771524876799,mba2011-08-26-13,10235
77.0,164.65903004961154,186.65798176732952,mba2011-08-26-14,10235
93.0,279.8496695395221,105.8403719053662,mba2011-08-26-15,10235
78.0,283.30347809271404,227.02404603289327,mba2011-08-26-16,10235
80.0,35.77434603044705,113.32581906238548,mba2011-08-26-16,10235
48.0,22.926422222297223,150.69002136255233,mba2011-08-26-17,10235
55.0,281.7747599484733,219.2958166095724,mba2011-08-26-18,10235
71.0,45.48755953094624,191.33979684159152,mba2011-08-26-19,10235
60.0,113.61657534395802,227.8557723080345,mba2011-08-26-1,10235
46.0,327.0049060431654,235.93696746132605,mba2011-08-26-1,10235
27.0,251.4144320033858,48.23555450039129,mba2011-08-26-1,10235
50.0,244.15441625381425,180.09236527198075,mba2011-08-26-20,10235
47.0,76.87394820630143,119.58119325388527,mba2011-08-26-20,10235
33.0,178.68222737224,38.91514920218907,mba2011-08-26-21,10235
42.0,97.1042864141593,32.430689054454035,mba2011-08-26-21,10235
57.0,226.2129778462701,36.735085301063975,mba2011-08-26-22,10235
50.0,130.2399180498117,45.31804186822691,mba2011-08-26-22,10235
44.0,181.6837792929704,77.3331390122263,mba2011-08-26-23,10235
59.0,243.64348241380912,179.01921142358506,mba2011-08-26-23,10235
79.0,98.3971108503074,33.77283986008334,mba2011-08-26-23,10235
60.0,54.209977479437086,210.73595486359835,mba2011-08-26-24,10235
57.0,264.4123379396977,215.89382845014364,mba2011-08-26-24,10235
88.0,226.74428598054493,74.36863199330693,mba2011-08-26-25,10235
89.0,295.5208488194745,171.01156081007866,mba2011-08-26-25,10235
105.0,277.1409053021744,193.541814153866,mba2011-08-26-26,10235
113.0,114.6859206653924,99.8633923560136,mba2011-08-26-26,10235
96.0,245.12422949784505,240.973926456576,mba2011-08-26-26,10235
75.0,261.48703596878374,118.77503872647485,mba2011-08-26-2,10235
80.0,194.7276101762156,226.74429276576305,mba2011-08-26-3,10235
40.0,146.7025964697217,208.36434924846287,mba2011-08-26-4,10235
75.0,147.29549787350555,239.7881236490083,mba2011-08-26-5,10235
66.0,112.90721645404078,195.3205183652176,mba2011-08-26-6,10235
68.0,255.79645476595485,79.7047446273618,mba2011-08-26-7,10235
78.0,99.27048416701165,134.25167377547837,mba2011-08-26-8,10235
52.0,210.1430466745964,162.11803975332057,mba2011-08-26-9,10235
74.0,316.86529935569405,219.0365745165726,mba2011-11-23-10,10226
64.0,397.4998902703012,130.10136394899126,mba2011-11-23-11,10226
47.0,368.63606531942696,266.70995573309483,mba2011-11-23-12,10226
95.0,465.090650301663,219.0365745165726,mba2011-11-23-13,10226
74.0,448.09874751521886,192.05896522622112,mba2011-11-23-13,10226
49.0,339.39555269948136,231.48750399603404,mba2011-11-23-14,10226
48.0,317.458200759478,240.973926456576,mba2011-11-23-14,10226
50.0,429.1642228605344,313.4553253623573,mba2011-11-23-14,10226
62.0,308.9799216939068,258.7721233060101,mba2011-11-23-15,10226
80.0,210.1430466745964,204.2140394219757,mba2011-11-23-16,10226
98.0,291.3705412547268,290.1847339236804,mba2011-11-23-16,10226
47.0,447.3036104498861,266.4686777723253,mba2011-11-23-16,10226
62.0,212.5146522897319,258.16806716630845,mba2011-11-23-18,10226
52.0,412.6032816223458,187.23685954060227,mba2011-11-23-19,10226
68.0,377.3412425416494,233.2662082073857,mba2011-11-23-1,10226
60.0,439.5958899389564,128.9155611414235,mba2011-11-23-20,10226
72.0,300.5455149824969,197.74985526574704,mba2011-11-23-22,10226
52.0,352.43938358272663,209.55015205603056,mba2011-11-23-23,10226
58.0,369.633524292459,102.23499797114908,mba2011-11-23-24,10226
47.0,332.28073585407486,277.1409120873924,mba2011-11-23-25,10226
53.0,441.374594150308,171.01156081007866,mba2011-11-23-26,10226
78.0,437.8171857276048,156.78192711926567,mba2011-11-23-27,10226
72.0,347.6961723524556,113.50012464304274,mba2011-11-23-28,10226
38.0,250.4603421319,284.25572893279895,mba2011-11-23-28,10226
86.0,411.1366225573303,226.74429276576305,mba2011-11-23-29,10226
56.0,427.1449604594949,277.7338134911763,mba2011-11-23-2,10226
33.0,321.60851058596506,297.8924612198281,mba2011-11-23-30,10226
71.0,386.23476359840754,121.20784289223307,mba2011-11-23-31,10226
56.0,251.6461449394677,219.62947592035647,mba2011-11-23-32,10226
78.0,354.21808779407826,265.8757854154988,mba2011-11-23-33,10226
103.0,424.1804534405756,44.13066040032925,mba2011-11-23-34,10226
48.0,365.4832144659719,274.17640506847306,mba2011-11-23-36,10226
60.0,412.915326768682,295.5208556046926,mba2011-11-23-3,10226
43.0,414.1011295762497,176.94057484791745,mba2011-11-23-4,10226
42.0,312.1220881254231,187.6128001160272,mba2011-11-23-5,10226
79.0,322.201411989749,209.55015205603056,mba2011-11-23-6,10226
66.0,339.39555269948136,90.37696989547158,mba2011-11-23-7,10226
72.0,399.8714956027192,228.5229879301572,mba2011-11-23-7,10226
62.0,455.604227841121,143.7380962360204,mba2011-11-23-8,10226
47.0,347.1032709486717,262.31837699279555,mba2011-11-23-8,10226
37.0,443.0212463507688,146.82353821744573,mba2011-11-23-9,10226
52.0,325.7588204124522,138.40198360196553,mba2011-12-17-18,10198
46.0,292.5563418005552,125.9510541225041,mba2011-12-17-18,10198
72.0,196.50631438756724,177.5334762517013,mba2011-12-17-20,10198
55.0,189.98439894594463,145.51680044737202,mba2011-12-17-21,10198
70.0,205.99273684810927,130.69426535277512,mba2011-12-17-21,10198
60.0,160.33932875675083,168.63995519494318,mba2011-12-17-21,10198
61.0,393.349580443814,201.24953240305632,mba2011-12-17-22,10198
39.0,377.9341439454333,277.7338134911763,mba2011-12-17-23,10198
55.0,353.0322849865105,318.64401035226376,mba2011-12-17-23,10198
71.0,268.8402856492001,147.8884060625075,mba2011-12-17-24,10198
81.0,296.7066516270423,171.01156081007866,mba2011-12-17-24,10198
65.0,259.3538631886581,367.8548268663254,mba2011-12-17-25,10198
72.0,301.4498628573133,329.9091370241574,mba2011-12-17-25,10198
87.0,293.14924320433903,330.5020384279413,mba2011-12-17-25,10198
44.0,402.83600290435606,197.69212398035307,mba2011-12-17-26,10198
47.0,385.6418621946237,169.23285659872704,mba2011-12-17-26,10198
68.0,389.1992706173269,169.23285659872704,mba2011-12-17-26,10198
74.0,350.660679371375,148.4813074662914,mba2011-12-17-27,10198
91.0,398.09279167408505,308.5646864879379,mba2011-12-17-28,10198
63.0,382.6773551757043,304.4143766614507,mba2011-12-17-29,10198
60.0,222.00107475027392,331.0949398317251,mba2011-12-17-30,10198
72.0,160.93223016053471,280.6983205100957,mba2011-12-17-30,10198
66.0,186.42699052324136,306.19308087280234,mba2011-12-17-30,10198
48.0,201.5309831171839,118.0343052645208,mba2011-12-18-3,10200
57.0,275.95510249460665,99.8633923560136,mba2011-12-18-5,10200
65.0,245.47706427969,263.2319654753836,mba2011-12-30-10,10210
69.0,249.48623699747048,281.5596121852374,mba2011-12-30-12,10210
69.0,258.6500603523974,255.21362003982256,mba2011-12-30-13,10210
69.0,247.76802011842167,255.21362003982256,mba2011-12-30-14,10210
63.0,263.23197202986086,262.08648755601774,mba2011-12-30-15,10210
66.0,251.20445387651924,264.3774433947495,mba2011-12-30-16,10210
58.0,254.0681486749339,256.35909795918843,mba2011-12-30-17,10210
62.0,246.6225421990558,253.49540316077372,mba2011-12-30-18,10210
67.0,250.05897595715336,251.20444732204203,mba2011-12-30-19,10210
62.0,259.7955382717633,247.1952746042615,mba2011-12-30-1,10210
64.0,255.7863655539828,249.48623044299325,mba2011-12-30-20,10210
65.0,254.0681486749339,246.62253564457853,mba2011-12-30-21,10210
69.0,251.7771928362022,264.3774433947495,mba2011-12-30-22,10210
63.0,247.1952811587387,253.49540316077372,mba2011-12-30-2,10210
58.0,250.05897595715336,252.9226642010908,mba2011-12-30-4,10210
62.0,258.07732139271445,242.0406239671151,mba2011-12-30-6,10210
65.0,253.495409715251,251.20444732204203,mba2011-12-30-7,10210
67.0,249.48623699747048,262.65922651570065,mba2011-12-30-9,10210
66.0,236.885979884446,255.21362003982256,mba2012-01-02-10,10211
64.0,250.6317149168364,257.5045758785543,mba2012-01-02-11,10211
73.0,302.7509602479832,254.6408810801396,mba2012-01-02-12,10211
66.0,251.7771928362022,252.3499252414079,mba2012-01-02-13,10211
57.0,250.6317149168364,255.21362003982256,mba2012-01-02-14,10211
64.0,260.9410161911291,243.75884084616388,mba2012-01-02-15,10211
68.0,254.0681486749339,258.6500537979201,mba2012-01-02-1,10211
64.0,24.399825842077927,264.9501823544324,mba2012-01-02-2,10211
68.0,262.086494110495,262.08648755601774,mba2012-01-02-3,10211
67.0,342.8426874257885,320.5058614436769,mba2012-01-02-4,10211
70.0,160.7116982466159,176.7483825632608,mba2012-01-02-4,10211
63.0,258.07732139271445,267.81387715284706,mba2012-01-02-5,10211
63.0,252.3499317958851,240.3224070880663,mba2012-01-02-6,10211
53.0,360.5975951759594,191.63959551501705,mba2012-01-02-7,10211
66.0,154.41156969010362,329.6696847986038,mba2012-01-02-7,10211
74.0,271.2503174654219,255.21362003982256,mba2012-01-02-8,10211
64.0,247.76802011842167,257.5045758785543,mba2012-01-02-9,10211
65.0,121.20783610701504,342.3600665036188,mba2012-01-12-10,10206
52.0,247.4958351129806,321.01561596739924,mba2012-01-12-11,10206
80.0,348.2890737562395,386.2347703836256,mba2012-01-12-12,10206
61.0,163.30383577567022,442.5604037430938,mba2012-01-12-13,10206
82.0,422.401749229224,117.65043446952984,mba2012-01-12-13,10206
90.0,223.7797789616256,81.48344883871343,mba2012-01-12-13,10206
67.0,230.30169440324812,137.21618079439776,mba2012-01-12-14,10206
68.0,310.9362853178553,176.94057484791745,mba2012-01-12-15,10206
71.0,290.77763758920355,135.4374765830461,mba2012-01-12-16,10206
55.0,196.50631438756724,344.1387707149704,mba2012-01-12-16,10206
49.0,149.0742020848572,418.8443475917387,mba2012-01-12-17,10206
78.0,239.78811686379012,369.0406296738933,mba2012-01-12-17,10206
64.0,111.12851224268915,358.3684044057834,mba2012-01-12-18,10206
54.0,85.32775410220935,133.23573795078218,mba2012-01-12-19,10206
81.0,397.7218031061296,168.1567919539242,mba2012-01-12-19,10206
53.0,114.09301926160856,366.0761226549738,mba2012-01-12-1,10206
49.0,320.4227077783973,171.01156081007866,mba2012-01-12-20,10206
77.0,111.72141364647302,286.03443314415057,mba2012-01-12-21,10206
62.0,335.2452428729942,157.9677299268334,mba2012-01-12-22,10206
75.0,393.942481847598,259.35386997387616,mba2012-01-12-23,10206
59.0,396.3140874627334,220.81527872792424,mba2012-01-12-24,10206
68.0,433.0739744973337,105.19950499006848,mba2012-01-12-26,10206
45.0,187.01989192702524,476.3557837587747,mba2012-01-12-27,10206
74.0,385.6418621946237,56.58158987979064,mba2012-01-12-27,10206
70.0,219.03656773135447,157.9677299268334,mba2012-01-12-28,10206
72.0,178.71927227405098,381.4915591533546,mba2012-01-12-29,10206
76.0,318.6440035670457,115.87173025817822,mba2012-01-12-2,10206
29.0,88.005357495118,307.971785084154,mba2012-01-12-2,10206
71.0,350.0677779675911,145.51680044737202,mba2012-01-12-30,10206
80.0,138.40197681674744,475.7628823549908,mba2012-01-12-30,10206
71.0,145.51679366215393,398.6856998630869,mba2012-01-12-32,10206
82.0,386.23476359840754,208.9572506522468,mba2012-01-12-33,10206
68.0,118.24332908809568,364.2974184436222,mba2012-01-12-34,10206
55.0,136.03037120161193,227.9300955733308,mba2012-01-12-3,10206
86.0,398.09279167408505,412.3224321501161,mba2012-01-12-3,10206
49.0,371.4122285038106,386.8276717874095,mba2012-01-12-4,10206
33.0,454.41842503355326,366.0761226549738,mba2012-01-12-5,10206
63.0,400.4643972892205,339.9884608884833,mba2012-01-12-5,10206
53.0,406.9863127308432,392.1637844214644,mba2012-01-12-6,10206
76.0,51.245470460517694,259.35386997387616,mba2012-01-12-7,10206
82.0,364.29741165840414,332.87364404307675,mba2012-01-12-8,10206
77.0,32.45426392291349,226.7421636406932,mba2012-01-12-8,10206
62.0,141.3664838356668,372.5980380965965,mba2012-01-12-9,10206
68.0,216.66496211621904,289.5918415668538,mba2012-01-13-10,10212
64.0,220.81527194270612,277.14091208739245,mba2012-01-13-11,10212
77.0,176.34766665891547,210.1430534598145,mba2012-01-13-12,10212
66.0,271.8047926681195,349.4748833490253,mba2012-01-13-12,10212
68.0,303.8214684724488,193.541814153866,mba2012-01-13-13,10212
81.0,365.4832144659719,455.0113332225552,mba2012-01-13-13,10212
64.0,333.4665386616426,395.1282914403837,mba2012-01-13-14,10212
63.0,114.6859206653924,257.57516576252453,mba2012-01-13-16,10212
51.0,315.0865951443424,150.26001167764304,mba2012-01-13-16,10212
87.0,374.37673552273,396.9069956517353,mba2012-01-13-17,10212
77.0,284.2557221475809,150.26001167764304,mba2012-01-13-18,10212
64.0,332.8736372578587,109.94271622033948,mba2012-01-13-19,10212
64.0,239.19521546000632,197.69212398035307,mba2012-01-13-1,10212
60.0,119.42913189566342,382.6773619609223,mba2012-01-13-20,10212
67.0,121.20783610701504,244.53133487927929,mba2012-01-13-21,10212
62.0,106.97820241620202,128.9155611414235,mba2012-01-13-22,10212
55.0,382.0844537719204,399.8715026706548,mba2012-01-13-23,10212
68.0,390.97797482867855,395.7211928441676,mba2012-01-13-24,10212
68.0,128.9155543562054,111.1285190279072,mba2012-01-13-25,10212
69.0,176.34766665891547,153.22451869656243,mba2012-01-13-26,10212
58.0,129.5084557599893,159.15353273440115,mba2012-01-13-27,10212
51.0,380.3057495605688,242.15972926414372,mba2012-01-13-28,10212
62.0,118.83623049187952,258.7609685700923,mba2012-01-13-29,10212
64.0,299.67115864596167,415.8798405728194,mba2012-01-13-29,10212
52.0,191.76310315729623,242.75263066792763,mba2012-01-13-2,10212
69.0,255.2035533621709,396.3140942479515,mba2012-01-13-30,10212
67.0,115.27882206917629,158.5606313306173,mba2012-01-13-31,10212
49.0,115.87172347296016,155.5961243116979,mba2012-01-13-32,10212
88.0,252.2390463432516,146.7026032549398,mba2012-01-13-33,10212
67.0,320.4227077783973,329.3162356203735,mba2012-01-13-33,10212
60.0,253.4248491508193,227.33719416954688,mba2012-01-13-3,10212
73.0,291.3705389929874,396.3140942479515,mba2012-01-13-4,10212
53.0,392.1637776362463,246.31003909063088,mba2012-01-13-4,10212
72.0,297.89245443461004,254.6106587436052,mba2012-01-13-5,10212
66.0,267.0615814378485,293.1492499895571,mba2012-01-13-6,10212
61.0,252.2390463432516,346.51037633010594,mba2012-01-13-7,10212
75.0,235.63780703730305,354.21809457929635,mba2012-01-13-8,10212
72.0,251.05324353568383,227.33719416954688,mba2012-01-13-9,10212
80.0,101.64208978214714,328.13043281280574,mba2012-02-02-10,10223
80.0,380.8986509643527,168.04705379115933,mba2012-02-02-11,10223
65.0,132.47296277890868,264.68998260793103,mba2012-02-02-12,10223
56.0,162.11803296810243,398.6856998630869,mba2012-02-02-13,10223
63.0,207.7714410594609,337.61685527334777,mba2012-02-02-15,10223
89.0,153.2245119113443,379.712854942003,mba2012-02-02-16,10223
78.0,73.77572380430497,302.04277104631524,mba2012-02-02-17,10223
55.0,335.2452428729942,268.24739103063433,mba2012-02-02-18,10223
84.0,350.0677779675911,165.08254677223994,mba2012-02-02-19,10223
47.0,411.7295239611142,403.428911093358,mba2012-02-02-1,10223
76.0,82.3329332778001,114.66567841178215,mba2012-02-02-1,10223
41.0,77.33313222700824,271.21189804955367,mba2012-02-02-20,10223
38.0,408.1721155384109,229.1158983808985,mba2012-02-02-4,10223
72.0,405.80050992327546,260.5396727814439,mba2012-02-02-5,10223
83.0,261.13256740000975,378.5270521344352,mba2012-02-02-5,10223
66.0,248.08873651676444,117.65043446952984,mba2012-02-02-6,10223
49.0,395.12828465516566,295.5208556046926,mba2012-02-02-7,10223
47.0,175.16186385134773,374.9696437117319,mba2012-02-02-8,10223
66.0,203.62113123297377,303.228573853883,mba2012-03-09-10,10241
75.0,336.431045680562,334.6523482544284,mba2012-03-09-13,10241
52.0,350.0677779675911,196.50632117278536,mba2012-03-09-14,10241
77.0,328.1304260275877,162.7109411571044,mba2012-03-09-14,10241
76.0,431.888171689766,251.6461517246858,mba2012-03-09-15,10241
51.0,98.67758276322776,131.8800681603429,mba2012-03-09-15,10241
47.0,366.6690172735396,141.36649062088492,mba2012-03-09-16,10241
45.0,237.41651124865467,341.174263696051,mba2012-03-09-17,10241
55.0,95.7130757443084,279.512517702528,mba2012-03-09-18,10241
63.0,291.96344039677126,444.3391079544455,mba2012-03-09-19,10241
87.0,175.60291119837214,345.13363671004294,mba2012-03-09-1,10213
62.0,300.2640600497455,138.99488500574938,mba2012-03-09-20,10241
45.0,371.4122285038106,292.5563485857732,mba2012-03-09-21,10241
76.0,340.5813555070491,160.93223694575278,mba2012-03-09-23,10241
48.0,399.2785944816528,288.99894016307,mba2012-03-09-23,10241
74.0,108.75690662755363,286.03443314415057,mba2012-03-09-24,10241
46.0,138.40197681674744,233.85910961116952,mba2012-03-09-25,10241
88.0,126.54394874106993,200.0637295954886,mba2012-03-09-26,10241
30.0,359.0702806519423,373.5045118099417,mba2012-03-09-27,10241
60.0,377.9341439454333,137.21618079439776,mba2012-03-09-28,10241
67.0,335.3970809499104,172.73920984548027,mba2012-03-09-2,10213
69.0,415.28693238381743,169.82575800251095,mba2012-03-09-30,10241
44.0,386.8276650021914,270.6189966457698,mba2012-03-09-30,10241
62.0,211.3288494821641,146.10970185115588,mba2012-03-09-31,10241
63.0,425.9591576519272,104.01370218250072,mba2012-03-09-32,10241
58.0,359.5542004281332,299.07826402739585,mba2012-03-09-33,10241
60.0,291.3705389929874,404.0218124971418,mba2012-03-09-34,10241
66.0,194.13470877243176,366.0761226549738,mba2012-03-09-35,10241
68.0,385.04896079083977,350.0677847528092,mba2012-03-09-36,10241
36.0,391.5708762324624,321.01561596739924,mba2012-03-09-36,10241
71.0,317.4582007594779,355.40389738686406,mba2012-03-09-37,10241
50.0,408.1721155384109,360.147108617135,mba2012-03-09-38,10241
81.0,179.90507508161872,291.9634471819893,mba2012-03-09-39,10241
15.0,358.36839762056536,224.9655885544114,mba2012-03-09-40,10241
54.0,376.15543973408165,194.7276169614337,mba2012-03-09-41,10241
63.0,166.86124419837347,188.2057015198111,mba2012-03-09-42,10241
52.0,348.8819751600234,137.8090821981816,mba2012-03-09-43,10241
41.0,353.0322849865105,358.3684044057834,mba2012-03-09-43,10241
44.0,339.9884541032652,251.0532503209019,mba2012-03-09-44,10241
78.0,267.0615814378485,383.8631647684901,mba2012-03-09-45,10241
57.0,131.2871599713409,349.4748833490254,mba2012-03-09-46,10241
36.0,404.02180571192383,284.25572893279895,mba2012-03-09-46,10241
81.0,179.31217367783486,175.75477204034968,mba2012-03-09-47,10241
48.0,160.93223016053471,275.9551092798247,mba2012-03-09-48,10241
91.0,377.3412425416494,320.4227145636154,mba2012-03-09-49,10241
66.0,287.28700833654403,186.48494487787065,mba2012-03-09-4,10213
53.0,198.87792000270275,331.68784123550904,mba2012-03-09-50,10241
38.0,246.90293370919667,289.5918415668538,mba2012-03-09-51,10241
54.0,344.7316653335362,339.9884608884833,mba2012-03-09-52,10241
57.0,315.0865951443424,321.60851737118315,mba2012-03-09-53,10241
87.0,226.74428598054493,269.43319383820204,mba2012-03-09-54,10241
35.0,156.78192033404758,251.0532503209019,mba2012-03-09-55,10241
53.0,392.1637776362463,305.6001794690185,mba2012-03-09-56,10241
66.0,353.0322849865105,147.29550465872364,mba2012-03-09-57,10241
57.0,284.2557221475809,379.712854942003,mba2012-03-09-58,10241
78.0,344.1387639297524,144.92389904358816,mba2012-03-09-59,10241
73.0,156.12978656915243,226.576672055676,mba2012-03-09-5,10213
51.0,284.8486235513648,354.21809457929635,mba2012-03-09-60,10241
37.0,286.03442635893254,165.6754481760238,mba2012-03-09-61,10241
56.0,237.41651124865467,155.00322290791405,mba2012-03-09-62,10241
72.0,283.2778356187635,389.8072755653117,mba2012-03-09-6,10213
63.0,322.79682383688584,215.69463182170017,mba2012-03-09-7,10213
60.0,185.339473512982,322.2240783227257,mba2012-03-09-8,10213
71.0,293.01439793337335,188.7759007166024,mba2012-03-09-9,10213
56.0,209.5501452708125,123.57944850736862,mba2012-03-20-10,10241
49.0,239.19521546000632,381.4915591533546,mba2012-03-20-1,10241
84.0,298.4853558383939,393.34958722903207,mba2012-03-20-3,10241
48.0,101.64208978214714,290.7776443744216,mba2012-03-20-4,10241
80.0,327.53752462380385,334.0594468506445,mba2012-03-20-7,10241
78.0,201.24952561783823,319.2369117560476,mba2012-03-20-8,10241
73.0,348.8819751600234,297.8924612198281,mba2012-04-20-10,10202
59.0,232.0803986145998,251.0532503209019,mba2012-04-20-11,10202
83.0,259.7955382717633,244.33157980584684,mba2012-04-20-1,10214
64.0,268.38662266700726,251.20444732204203,mba2012-04-20-2,10214
66.0,283.8505745784464,213.40367598296848,mba2012-04-20-3,10214
54.0,414.4350573861551,390.9527534846776,mba2012-04-20-4,10214
60.0,184.1939955936161,188.20316175691943,mba2012-04-20-4,10214
64.0,248.34075907810453,258.6500537979201,mba2012-04-20-5,10214
76.0,291.8689200140075,262.08648755601774,mba2012-04-20-6,10214
57.0,219.703811093958,209.39450326518795,mba2012-04-20-7,10214
63.0,256.35910451366567,201.9488967893098,mba2012-04-20-8,10214
70.0,247.76802011842167,275.2594836287252,mba2012-04-20-9,10214
84.0,26.34361150159491,264.68998260793103,mba2012-04-21-1,10202
60.0,186.42699052324136,298.485362623612,mba2012-04-21-2,10202
83.0,396.3140874627334,174.5689692327819,mba2012-04-21-2,10202
71.0,262.3183702075775,234.45201101495337,mba2012-04-21-3,10202
85.0,315.0865951443424,274.7693064722569,mba2012-04-21-4,10202
98.0,452.0468194184177,445.5249107620132,mba2012-04-22-4,10202
78.0,51.83837186430158,363.11161563605447,mba2012-04-22-6,10202
56.0,65.10525812247292,212.0647304903257,mba2012-04-22-8,10202
74.0,444.9320025730112,193.541814153866,mba2012-04-23-10,10202
86.0,181.6837792929704,302.6356724500991,mba2012-04-23-10,10202
35.0,129.5084557599893,88.59826568411995,mba2012-04-23-11,10202
93.0,418.8443408065207,417.658544784171,mba2012-04-23-11,10202
55.0,223.7797789616256,272.9906022609053,mba2012-04-23-12,10202
66.0,190.5773003497285,239.1952222452244,mba2012-04-23-13,10202
67.0,312.7149895292069,306.19308087280234,mba2012-04-23-14,10202
76.0,293.7421446081229,205.39984222954348,mba2012-04-23-15,10202
71.0,264.09707441892914,258.16806716630845,mba2012-04-23-16,10202
67.0,243.34552528649343,261.7254755890117,mba2012-04-23-1,10202
91.0,289.5918347816358,194.13471555764983,mba2012-04-23-2,10202
115.0,57.17448449835646,502.4434455252653,mba2012-04-23-2,10202
61.0,455.604227841121,289.5918415668538,mba2012-04-23-3,10202
70.0,28.71521711673041,210.73595486359835,mba2012-04-23-3,10202
49.0,223.18687755784163,233.2662082073857,mba2012-04-23-4,10202
77.0,225.5584831729772,426.5520658409291,mba2012-04-23-5,10202
48.0,180.4979764854026,87.41246287655218,mba2012-04-23-5,10202
68.0,219.6294691351384,200.6566309992725,mba2012-04-23-6,10202
60.0,291.3705389929874,254.6106587436052,mba2012-04-23-7,10202
77.0,83.26214626484699,207.1785464408951,mba2012-04-23-8,10202
77.0,406.3934113270593,404.0218124971418,mba2012-04-23-8,10202
34.0,334.0594400654265,214.88626469008543,mba2012-04-23-9,10202
71.0,382.6773551757043,254.0177573398213,mba2012-04-24-10,10202
64.0,266.4686800340646,301.4498696425313,mba2012-04-24-11,10202
74.0,329.31622883515547,327.5375314090219,mba2012-04-24-12,10202
80.0,117.6504276843118,283.0699261252312,mba2012-04-24-13,10202
109.0,409.95081974976256,323.98012298631863,mba2012-04-24-13,10202
52.0,264.09707441892914,245.1242362830632,mba2012-04-24-14,10202
62.0,283.662820743797,303.82147525766686,mba2012-04-24-16,10202
50.0,276.5480038983905,262.9112783965794,mba2012-04-24-17,10202
79.0,173.3831596399961,240.973926456576,mba2012-04-24-18,10202
76.0,259.946764592442,261.1325741852278,mba2012-04-24-19,10202
78.0,175.16186385134773,261.7254755890117,mba2012-04-24-1,10202
74.0,413.8253110967824,430.8519814316618,mba2012-04-24-20,10202
74.0,95.62490383654824,180.77431158437224,mba2012-04-24-21,10202
78.0,264.09707441892914,355.40389738686406,mba2012-04-24-22,10202
55.0,287.81313057028416,229.1158983808985,mba2012-04-24-2,10202
63.0,314.49369374055857,293.742151393341,mba2012-04-24-3,10202
74.0,283.06991934001314,242.75263066792763,mba2012-04-24-4,10202
81.0,252.83194774703543,284.84863033658286,mba2012-04-24-5,10202
82.0,172.79025823621222,280.10541910631184,mba2012-04-24-6,10202
67.0,300.85696145352944,257.57516576252453,mba2012-04-24-7,10202
72.0,319.2369049708296,298.485362623612,mba2012-04-24-8,10202
57.0,327.53752462380385,239.7881236490083,mba2012-04-24-9,10202
70.0,119.47449314944474,455.672255928849,mba2012-08-29-10,10205
80.0,342.8426874257885,145.24773978069948,mba2012-08-29-10,10205
52.0,283.8505745784464,134.93843850640667,mba2012-08-29-11,10205
65.0,175.60291119837214,374.9160626135554,mba2012-08-29-11,10205
77.0,314.7784784013248,116.0380528368699,mba2012-08-29-12,10205
58.0,182.47577871456733,383.50714700879945,mba2012-08-29-12,10205
74.0,282.7050966590806,275.2594836287252,mba2012-08-29-13,10205
62.0,351.4337718210325,200.23067991026105,mba2012-08-29-14,10205
52.0,143.5295294561279,356.0156769440187,mba2012-08-29-14,10205
63.0,377.20702500676447,361.743066540848,mba2012-08-29-15,10205
60.0,306.1873940060808,116.61079179655286,mba2012-08-29-16,10205
62.0,164.1481320047135,131.5020047483091,mba2012-08-29-16,10205
59.0,173.3119553596404,428.1807858640682,mba2012-08-29-16,10205
62.0,244.90432532000696,254.6408810801396,mba2012-08-29-17,10205
71.0,212.83094357776275,221.99476037821245,mba2012-08-29-18,10205
49.0,208.82177085998225,209.39450326518795,mba2012-08-29-1,10205
67.0,230.58585132793368,225.43119413631007,mba2012-08-29-20,10205
51.0,280.98687978003176,267.24113819316415,mba2012-08-29-21,10205
32.0,247.1952811587387,246.04979668489565,mba2012-08-29-22,10205
68.0,264.3774499492268,264.9501823544324,mba2012-08-29-23,10205
73.0,261.5137551508121,199.6579409505781,mba2012-08-29-2,10205
79.0,250.6317149168364,216.84010974106604,mba2012-08-29-3,10205
71.0,251.20445387651924,201.3761578296269,mba2012-08-29-4,10205
55.0,79.38276597163947,117.18353075623575,mba2012-08-29-5,10205
54.0,241.4678915619094,395.534665162141,mba2012-08-29-5,10205
77.0,365.7522458131058,362.315805500531,mba2012-08-29-6,10205
44.0,124.62914378659114,205.9580695070904,mba2012-08-29-6,10205
79.0,266.6684057879585,246.62253564457853,mba2012-08-29-7,10205
71.0,256.9318434733486,213.9764149426514,mba2012-08-29-8,10205
52.0,207.6762929406164,224.2857162169442,mba2012-08-29-9,10205
63.0,306.29536363385694,287.3547276024305,mba2012-09-19-10,10229
56.0,198.87792000270275,242.75263066792763,mba2012-09-19-11,10229
84.0,369.633524292459,149.07420887007527,mba2012-09-19-12,10229
88.0,377.9341439454333,181.0908846744045,mba2012-09-19-12,10229
57.0,211.3288494821641,130.10136394899126,mba2012-09-19-13,10229
38.0,355.9967920054299,131.28716675655895,mba2012-09-19-14,10229
61.0,216.0720607124352,213.7004618825177,mba2012-09-19-14,10229
73.0,203.62113123297377,192.3560113462982,mba2012-09-19-14,10229
78.0,346.9874921869554,228.48294409708063,mba2012-09-19-15,10229
69.0,299.7019511165601,219.4908689218347,mba2012-09-19-16,10229
91.0,51.18644584834061,127.11119975872896,mba2012-09-19-16,10229
103.0,27.729761068918947,150.68368943228927,mba2012-09-19-16,10229
70.0,194.13470877243176,211.3288562673822,mba2012-09-19-17,10229
86.0,173.5871374422831,231.48367477331985,mba2012-09-19-18,10229
77.0,208.55510752611107,258.3131397486844,mba2012-09-19-19,10229
91.0,332.15880783015064,178.9566784639897,mba2012-09-19-19,10229
84.0,242.22148504083003,139.99987019695777,mba2012-09-19-19,10229
57.0,280.46721463404185,184.61609046983284,mba2012-09-19-1,10229
61.0,207.7769955595045,330.75833570000805,mba2012-09-19-20,10229
71.0,209.1345310467985,249.24058141426443,mba2012-09-19-21,10229
59.0,284.0023094318806,133.48421380172266,mba2012-09-19-22,10229
72.0,301.8472509156629,249.2562670485031,mba2012-09-19-23,10229
70.0,276.5480038983905,319.2369117560476,mba2012-09-19-24,10229
58.0,166.86124419837347,259.35386997387616,mba2012-09-19-24,10229
88.0,208.95724386702864,270.026095241986,mba2012-09-19-2,10229
69.0,230.8945958070321,299.07826402739585,mba2012-09-19-3,10229
58.0,178.71927227405098,246.9029404944148,mba2012-09-19-4,10229
78.0,219.03656773135447,300.85696823874747,mba2012-09-19-5,10229
81.0,253.4248491508193,203.62113801819183,mba2012-09-19-6,10229
53.0,229.1158915956804,219.62947592035647,mba2012-09-19-7,10229
67.0,288.9989333778519,169.82575800251095,mba2012-09-19-8,10229
57.0,210.73594807838023,235.04491241873728,mba2012-09-19-9,10229
62.0,268.24738424541624,179.31218046305293,mba2012-09-19-9,10229
37.0,227.3371873843288,98.08468814466198,mba2012-09-26-1,10229
51.0,98.08468135944388,65.47511093654879,mba2012-09-26-2,10229
38.0,289.5918347816358,219.0365745165726,mba2012-09-26-3,10229
38.0,90.96986451403738,98.67758954844584,mba2012-09-26-3,10229
85.0,237.41651124865467,115.27882885439436,mba2012-09-26-4,10229
70.0,212.5146522897319,201.24953240305632,mba2012-09-26-6,10229
60.0,211.3288494821641,195.91341976900145,mba2012-09-26-7,10229
38.0,246.3100323054128,61.32480111006166,mba2012-09-26-8,10229
63.0,84.44794907241474,115.87173025817822,mba2012-09-26-8,10229
54.0,126.54394874106993,127.13685693007189,mba2012-09-26-9,10229
81.0,277.1409053021744,219.0365745165726,mba2012-09-28-10,10207
66.0,272.99059547568726,248.6816447057664,mba2012-09-28-11,10207
73.0,267.6544828416324,265.28288401171494,mba2012-09-28-12,10207
62.0,402.83600290435606,168.04705379115933,mba2012-09-28-13,10207
49.0,207.178539655677,363.7045170398383,mba2012-09-28-13,10207
86.0,252.83194774703543,205.9927436333273,mba2012-09-28-14,10207
53.0,251.6461449394677,247.49584189819865,mba2012-09-28-15,10207
60.0,287.2202291665003,205.39984222954348,mba2012-09-28-16,10207
73.0,302.04276426109715,261.7254755890117,mba2012-09-28-17,10207
76.0,277.7338067059583,302.04277104631524,mba2012-09-28-18,10207
64.0,354.21808779407826,238.00941943765665,mba2012-09-28-19,10207
74.0,229.1158915956804,197.0992225765692,mba2012-09-28-1,10207
61.0,198.87792000270275,242.15972926414372,mba2012-09-28-20,10207
80.0,107.5711038199859,64.8822095327649,mba2012-09-28-21,10207
53.0,381.4915523681366,382.6773619609223,mba2012-09-28-21,10207
58.0,229.7087929994643,236.230715226305,mba2012-09-28-22,10207
75.0,239.78811686379012,322.79432017875087,mba2012-09-28-23,10207
69.0,272.99059547568726,208.36434924846287,mba2012-09-28-24,10207
70.0,235.0449056335192,350.0677847528092,mba2012-09-28-25,10207
63.0,290.18473618541964,269.43319383820204,mba2012-09-28-26,10207
77.0,200.6566242140544,268.8402924344182,mba2012-09-28-2,10207
66.0,228.52299019189653,243.9384334754954,mba2012-09-28-3,10207
62.0,239.19521546000632,205.9927436333273,mba2012-09-28-4,10207
82.0,240.97391967135795,232.6733068036017,mba2012-09-28-5,10207
74.0,246.3100323054128,226.74429276576305,mba2012-09-28-6,10207
57.0,246.3100323054128,189.98440573116272,mba2012-09-28-7,10207
45.0,281.8841165324454,277.7338134911763,mba2012-09-28-8,10207
76.0,244.5313280940612,277.14091208739245,mba2012-09-28-9,10207
70.0,205.8969320953989,429.2648938286077,ycw2012-09-23-13,10161
57.0,196.7193536246641,458.0635021333272,ycw2012-09-23-13,10161
48.0,207.4792732110428,439.3918769687288,ycw2012-09-23-13,10161
46.0,376.4733043618141,327.36212598113883,ycw2012-09-23-13,10161
48.0,401.47429398898817,326.4127213117525,ycw2012-09-23-13,10161
62.0,389.44850151009433,326.4127213117525,ycw2012-09-23-13,10161
65.0,360.6106675335864,100.86360595196416,ycw2012-09-23-18,10161
60.0,257.12764725753243,477.6969099267651,ycw2012-09-23-18,10161
54.0,266.0819204332803,469.9920702174008,ycw2012-09-23-18,10161
61.0,304.2521904442276,86.13719268816725,ycw2012-09-23-20,10161
60.0,324.18968850134104,97.53004872080352,ycw2012-09-23-20,10161
52.0,315.9615146999926,89.3018749194551,ycw2012-09-23-20,10161
61.0,299.0406722580935,202.1663331974301,ycw2012-09-23-21,10161
64.0,295.50061077000714,218.20072934935067,ycw2012-09-23-21,10161
68.0,304.246645034691,199.0427495314716,ycw2012-09-23-21,10161
73.0,298.62419443596565,209.45469508466672,ycw2012-09-23-21,10161
53.0,474.757250657874,381.12250587647327,ycw2012-09-23-21,10161
56.0,486.43294610139753,366.0937898199055,ycw2012-09-23-21,10161
60.0,483.7653457786884,378.43144131243537,ycw2012-09-23-21,10161
50.0,175.91094554285482,321.54947365704226,ycw2012-09-23-22,10161
48.0,61.65341349040115,351.8301386153007,ycw2012-09-23-22,10161
40.0,53.74033486997281,355.7866779255149,ycw2012-09-23-22,10161
64.0,362.2005482333545,303.92645737309914,ycw2012-09-23-23,10161
57.0,355.7117012418165,396.03211665161535,ycw2012-09-23-23,10161
63.0,397.5557402991021,349.823967527136,ycw2012-09-23-23,10161
61.0,372.5340041099735,393.2904025617899,ycw2012-09-23-23,10161
58.0,414.05973928431786,33.076569369114594,ycw2012-09-23-26,10161
62.0,429.8858965251745,23.91405728230284,ycw2012-09-23-26,10161
56.0,73.51430992869209,87.93632152831367,ycw2012-09-23-28,10161
56.0,80.47259641545529,67.06146206802407,ycw2012-09-23-28,10161
65.0,82.4606782688162,59.60615511792064,ycw2012-09-23-28,10161
64.0,72.2717587703415,76.50485087148843,ycw2012-09-23-28,10161
49.0,391.4094545068455,272.1823783584962,ycw2012-09-23-29,10161
55.0,395.8826386769075,257.5202746899595,ycw2012-09-23-29,10161
44.0,393.8379768942843,259.412918566323,ycw2012-09-23-29,10161
66.0,141.7297290664357,463.3589147347973,ycw2012-09-23-30,10161
63.0,123.65464085445468,457.84448104300645,ycw2012-09-23-30,10161
63.0,130.39450425553235,438.85032054906026,ycw2012-09-23-30,10161
58.0,129.1690745462455,466.1161315806927,ycw2012-09-23-30,10161
54.0,122.42921114516784,447.1219710867465,ycw2012-09-23-30,10161
47.0,125.79914284570668,453.2491196331807,ycw2012-09-23-30,10161
61.0,69.1694130315025,201.78608892764169,ycw2012-09-23-30,10161
69.0,75.62016201256779,211.66379830489788,ycw2012-09-23-30,10161
51.0,103.04673752966256,264.2981563387732,ycw2012-09-23-31,10161
57.0,115.74664958613482,261.27436775389884,ycw2012-09-23-31,10161
61.0,102.03880800137112,265.7092576783812,ycw2012-09-23-31,10161
56.0,208.7957515653496,77.70816456022901,ycw2012-09-23-32,10161
60.0,223.5115226784048,75.69230550364611,ycw2012-09-23-32,10161
64.0,203.5545180182341,84.15891354129428,ycw2012-09-23-32,10161
68.0,214.03698511246515,79.9256095224702,ycw2012-09-23-32,10161
54.0,146.72577297112534,506.7576837160865,ycw2012-09-23-32,10161
60.0,158.82092731062272,338.23186658575617,ycw2012-09-23-32,10161
57.0,133.4211031976782,344.2794437555049,ycw2012-09-23-32,10161
53.0,154.9907951031152,336.2160075291733,ycw2012-09-23-32,10161
51.0,137.04964949952742,344.2794437555049,ycw2012-09-23-32,10161
58.0,145.5162575371756,334.2001484725904,ycw2012-09-23-32,10161
60.0,35.09014661527208,97.65602633536707,ycw2012-09-23-34,10161
65.0,31.243432255410465,110.92055861075195,ycw2012-09-23-34,10161
65.0,44.24267388528765,85.7179472875207,ycw2012-09-23-34,10161
44.0,269.92455651512347,463.81364534240447,ycw2012-09-23-36,10161
51.0,266.2482673872629,473.923440444021,ycw2012-09-23-36,10161
47.0,347.12662820019506,492.30488608332377,ycw2012-09-23-36,10161
55.0,353.25377674662934,483.1141632636724,ycw2012-09-23-36,10161
56.0,330.8896845521444,489.85402666475005,ycw2012-09-23-36,10161
47.0,276.2446025869332,235.09617056481707,ycw2012-09-23-37,10161
65.0,460.8763425356609,424.8727816260806,ycw2012-09-23-37,10161
50.0,442.32361503288286,89.33891860384841,ycw2012-09-23-38,10161
47.0,506.2529807223058,328.4426463340794,ycw2012-09-23-38,10161
54.0,309.1962861281942,380.1821101006059,ycw2012-09-23-41,10161
50.0,501.4092632874532,213.26119703522943,ycw2012-09-23-41,10161
56.0,494.4255261899465,207.2086248840568,ycw2012-09-23-41,10161
60.0,505.1339230727903,218.3826042400677,ycw2012-09-23-41,10161
48.0,295.6218101475857,370.62807296571634,ycw2012-09-23-41,10161
45.0,306.22872512962283,377.7506150537205,ycw2012-09-23-41,10161
52.0,217.9315861702829,91.91038901785626,ycw2012-09-23-41,10161
55.0,233.4160573044364,100.2191296264264,ycw2012-09-23-41,10161
62.0,33.664901969142434,123.20249173693924,ycw2012-09-23-42,10161
53.0,403.88492399145537,211.32007418586687,ycw2012-09-23-42,10161
51.0,396.43560442078143,195.02468762501763,ycw2012-09-23-42,10161
59.0,398.76351678661706,199.21492988352173,ycw2012-09-23-42,10161
54.0,462.1833594508567,491.859229342964,ycw2012-09-23-42,10161
51.0,450.7041821176056,496.45090027626446,ycw2012-09-23-42,10161
57.0,379.7410917166694,475.6875177768676,ycw2012-09-23-42,10161
52.0,367.645937377172,483.5493680975409,ycw2012-09-23-42,10161
64.0,368.0491091884886,483.9525399088575,ycw2012-09-23-42,10161
54.0,409.7590589571526,355.7537715796393,ycw2012-09-23-43,10161
49.0,397.05914690068033,361.5997628437297,ycw2012-09-23-43,10161
53.0,385.3671643724995,364.22037961728745,ycw2012-09-23-43,10161
58.0,396.6559750893637,360.7934192210965,ycw2012-09-23-43,10161
45.0,396.6559750893637,360.39024740978,ycw2012-09-23-43,10161
58.0,491.1948160472005,251.4646629200761,ycw2012-09-23-43,10161
35.0,184.6612776544138,435.05528484465503,ycw2012-09-23-44,10161
60.0,411.1708327303396,148.4285115450449,ycw2012-09-23-44,10161
64.0,410.68026688091663,136.49140920908832,ycw2012-09-23-44,10161
67.0,410.02617908168617,157.2586968346566,ycw2012-09-23-44,10161
71.0,414.1142278268768,146.13920424773815,ycw2012-09-23-44,10161
58.0,186.5685441815669,374.0952247877877,ycw2012-09-23-45,10161
58.0,192.61885632444896,388.8122002704739,ycw2012-09-23-45,10161
66.0,192.1282904750261,368.20843459471325,ycw2012-09-23-45,10161
68.0,194.7446416719481,389.7933319693197,ycw2012-09-23-45,10161
73.0,192.94590022406425,378.8373613322088,ycw2012-09-23-45,10161
51.0,340.188407583172,463.610474166289,ycw2012-09-23-52,10161
55.0,348.886265691626,462.1194127762683,ycw2012-09-23-52,10161
52.0,330.24799831636744,465.5985560196499,ycw2012-09-23-52,10161
61.0,123.80351216883165,431.4373543457974,ycw2012-09-23-53,10161
47.0,221.7892499089272,457.2334609185135,ycw2012-09-23-54,10161
54.0,377.7909350975996,204.5338473000837,ycw2012-09-23-60,10161
49.0,130.71504998932144,48.18148097333208,ycw2012-09-23-63,10161
42.0,140.19100705859785,48.482756282612606,ycw2012-09-23-63,10161
51.0,126.72740601221658,421.02199068369725,ycw2012-09-23-63,10161
54.0,137.4358028950603,431.730387566541,ycw2012-09-23-63,10161
55.0,122.53716375371248,407.5200989618508,ycw2012-09-23-63,10161
60.0,129.98648332438643,422.4187381031986,ycw2012-09-23-63,10161
48.0,115.23192390799896,245.55562431071564,ycw2012-09-23-65,10161
57.0,125.46511036034912,238.52628637300447,ycw2012-09-23-65,10161
61.0,404.8118622736493,130.6231944253666,ycw2012-09-23-65,10161
62.0,417.3101884244632,142.51676285920567,ycw2012-09-23-65,10161
65.0,400.17538644350856,156.02301853831108,ycw2012-09-23-65,10161
64.0,387.2738884813781,142.51676285920567,ycw2012-09-23-65,10161
53.0,344.89613618491194,170.90265817459073,ycw2012-09-23-67,10161
54.0,360.82142273191687,179.3692662122389,ycw2012-09-23-67,10161
45.0,428.0846353841778,319.91294931358505,ycw2012-09-23-70,10161
72.0,38.01193430427479,358.0904758959109,ycw2012-09-23-71,10161
74.0,45.70536302399802,345.0912342660338,ycw2012-09-23-71,10161
71.0,55.677743677476506,254.4146196049619,ycw2012-09-23-72,10161
71.0,85.59788863377389,413.9636995170932,ycw2012-09-23-72,10161
48.0,332.3670873774556,461.02061746564806,ycw2012-09-23-74,10161
41.0,323.09413571717425,454.1666966732662,ycw2012-09-23-74,10161
56.0,334.38294643403856,452.75559533365816,ycw2012-09-23-74,10161
42.0,340.4305236037872,454.3682825789245,ycw2012-09-23-74,10161
65.0,80.83208169126102,406.0713804615415,ycw2012-09-23-74,10161
67.0,92.32247831378356,401.0317328200842,ycw2012-09-23-74,10161
59.0,301.0963268682509,420.8064740230791,ycw2012-11-14-16,10155
56.0,291.3705389929874,31.086829517084,ycw2012-11-14-17,10155
60.0,316.2723979519102,429.51657285984857,ycw2012-11-14-18,10155
46.0,444.6569832785189,133.21664809608436,ycw2012-11-14-19,10155
81.0,300.2640600497455,446.1178121657971,ycw2012-11-14-20,10155
79.0,217.2578635200029,42.35195618897762,ycw2012-11-14-21,10155
63.0,426.5520590557111,248.6816447057664,ycw2012-11-14-23,10155
66.0,188.7985961383769,459.1616430490424,ycw2012-11-14-25,10155
78.0,50.652569056733824,164.48964536845602,ycw2012-11-14-27,10155
62.0,196.50631438756724,385.64186897984166,ycw2012-11-14-28,10155
60.0,96.30597714809224,217.85077170900485,ycw2012-11-14-30,10155
73.0,395.7211860589496,338.80265808091553,ycw2012-11-14-31,10155
77.0,245.12422949784505,431.888178474984,ycw2012-11-14-32,10155
69.0,386.23476359840754,378.5270521344352,ycw2012-11-14-33,10155
61.0,397.4998902703012,476.3557837587747,ycw2012-11-14-37,10155
81.0,121.80073751079892,419.4372489955226,ycw2012-11-14-38,10155
77.0,246.90293370919667,71.40412497438754,ycw2012-11-14-40,10155
51.0,138.9948782205313,419.4372489955226,ycw2012-11-14-47,10155
53.0,81.48344205349537,382.0844605571384,ycw2012-11-14-49,10155
57.0,34.0513297507853,217.25786125826352,ycw2012-11-14-50,10155
60.0,291.96344039677126,427.73786864849694,ycw2012-11-14-52,10155
46.0,163.89673717945408,63.69640672519717,ycw2012-11-14-53,10155
58.0,312.71498952920695,454.4184318187713,ycw2012-11-14-56,10155
62.0,323.3872147973167,98.08468814466198,ycw2012-11-14-60,10155
48.0,479.9131853962599,267.6544896268504,ycw2012-11-14-62,10155
54.0,289.5918347816358,63.10350532141328,ycw2012-11-14-63,10155
58.0,67.84670976646622,381.4915591533546,ycw2012-11-14-64,10155
56.0,437.8171857276048,420.03015039930654,ycw2012-11-14-65,10155
42.0,291.96344039677126,26.343618286812983,ycw2012-11-14-66,10155
49.0,98.67758276322776,100.45629375979746,ycw2012-12-05-28,10155
54.0,397.15354683841576,462.6775504458318,ycw2013-01-03-11,10160
65.0,15.671386233485148,185.2411945008917,ycw2013-01-03-12,10160
46.0,447.51352874772806,381.3599749660798,ycw2013-01-03-14,10160
57.0,198.51490214983207,62.453272311139095,ycw2013-01-03-16,10160
77.0,145.7140476964747,138.40737825086805,ycw2013-01-03-17,10160
73.0,457.1553773541313,327.99245710991136,ycw2013-01-03-17,10160
75.0,462.0749551287527,317.03316835523003,ycw2013-01-03-17,10160
85.0,450.3142185358056,325.6196186060965,ycw2013-01-03-17,10160
50.0,162.93165536346845,432.4186530386444,ycw2013-01-03-19,10160
49.0,274.176398283255,147.8884060625075,ycw2013-01-03-22,10160
71.0,75.19929273395361,284.9438658029184,ycw2013-01-03-22,10160
71.0,64.61843122932765,296.48662380796486,ycw2013-01-03-22,10160
66.0,72.79455148290225,285.9057623033389,ycw2013-01-03-22,10160
64.0,160.33932875675083,52.43128005330351,ycw2013-01-03-23,10160
69.0,156.3651054639877,56.89725745357073,ycw2013-01-03-23,10160
58.0,164.94806203115064,61.188735737152186,ycw2013-01-03-23,10160
70.0,105.1994982048504,214.8862646900855,ycw2013-01-03-27,10160
58.0,473.9841713584212,263.5041798003633,ycw2013-01-03-28,10160
66.0,465.090650301663,265.28288401171494,ycw2013-01-03-28,10160
59.0,452.6397208222016,277.7338134911763,ycw2013-01-03-28,10160
56.0,41.16614659619181,256.9822643587407,ycw2013-01-03-28,10160
51.0,35.23713255835305,259.35386997387616,ycw2013-01-03-28,10160
53.0,35.83003396213692,252.83195453225352,ycw2013-01-03-28,10160
64.0,227.93008878811267,374.3767423079481,ycw2013-01-03-4,10160
65.0,341.174256910833,368.4477282701093,ycw2013-01-03-4,10160
74.0,98.08468135944388,269.43319383820204,ycw2013-01-03-5,10160
73.0,125.35814593350216,266.4686868192827,ycw2013-01-03-5,10160
65.0,106.08717424082224,265.75814656917544,ycw2013-01-03-5,10160
73.0,95.71307574430838,120.61494148844923,ycw2013-05-01-10,10155
71.0,421.80884782544007,360.7400100209189,ycw2013-05-01-11,10155
59.0,381.16691368214174,183.1509583955506,ycw2013-05-01-14,10157
76.0,80.29763924592761,133.06587096791066,ycw2013-05-01-15,10155
65.0,273.5834968794711,83.26215305006505,ycw2013-05-01-22,10157
79.0,384.4560593870559,370.8193338852449,ycw2013-05-01-23,10157
73.0,93.93437153295676,185.8340868577181,ycw2013-05-01-25,10155
84.0,360.7400032357009,127.13685693007189,ycw2013-05-01-26,10157
77.0,344.7316653335362,436.0384883014712,ycw2013-05-01-34,10155
72.0,192.948905964864,109.94271622033948,ycw2013-05-01-39,10157
72.0,430.10946747841433,181.0908846744045,ycw2013-05-01-40,10155
59.0,425.3662562481433,181.6837860781885,ycw2013-05-01-41,10157
89.0,174.38609064217354,130.34851777970982,ycw2013-05-01-4,10157
55.0,146.7025964697217,426.5520658409291,ycw2013-05-01-51,10155
79.0,380.3057495605688,409.3579251311968,ycw2013-05-01-52,10157
112.0,318.6440035670457,411.7295307463322,ycw2013-05-01-53,10155
80.0,396.3140874627334,429.51657285984857,ycw2013-06-04-10,10157
80.0,326.94462322001993,474.5770795474231,ycw2013-06-04-12,10157
57.0,457.9758334562565,307.3788836803701,ycw2013-06-04-7,10157
63.0,154.27065718369616,416.007950202592,ycw2013-06-04-7,10157
78.0,49.20771242762138,110.42673576290208,ycw2013-06-04-9,10157
92.0,364.407769147812,238.66366346153296,ycw2013-06-04-9,10157
59.0,345.3245667373201,130.10136394899126,ycw2013-08-20-11,10155
62.0,328.1304260275877,104.01370218250072,ycw2013-08-20-12,10155
54.0,367.26191867732354,334.0594468506445,ycw2013-08-20-13,10155
55.0,462.1261432827436,316.86530614091214,ycw2013-08-20-15,10155
59.0,334.0594400654265,334.0594468506445,ycw2013-08-20-16,10155
60.0,194.13470877243176,32.27263232465174,ycw2013-08-20-18,10155
54.0,177.53346946648324,117.057533065746,ycw2013-08-20-19,10155
72.0,367.8548200811074,380.8986577495707,ycw2013-08-20-20,10155
78.0,340.5813555070491,99.2704909522297,ycw2013-08-20-21,10155
68.0,205.99273684810927,82.6692516462812,ycw2013-08-20-23,10155
53.0,396.9069888665173,383.27026336470624,ycw2013-08-20-24,10155
50.0,290.77763758920355,334.6523482544284,ycw2013-08-20-25,10155
51.0,360.147101831917,173.97606782899803,ycw2013-08-20-26,10155
65.0,464.4977488978792,344.73167211875426,ycw2013-08-20-27,10155
52.0,460.9403404751759,195.3205183652176,ycw2013-08-20-28,10155
42.0,266.4686800340646,363.11161563605447,ycw2013-08-20-29,10155
50.0,401.6502000967883,382.6773619609223,ycw2013-08-20-31,10155
57.0,316.2723979519102,89.78406849168769,ycw2013-08-20-37,10155
56.0,487.0280022416664,211.3288562673822,ycw2013-08-20-39,10155
47.0,98.79506771372913,334.90227906392744,ycw2013-08-20-39,10155
62.0,351.8464821789427,307.3788836803701,ycw2013-08-20-40,10155
54.0,144.3309908545862,48.28097022681638,ycw2013-08-20-41,10155
64.0,183.462483504322,79.7047446273618,ycw2013-08-20-42,10155
56.0,284.2557221475809,62.5106039176294,ycw2013-08-20-43,10155
61.0,114.6859206653924,210.73595486359835,ycw2013-08-20-44,10155
51.0,114.09301926160856,114.6859274506105,ycw2013-08-20-45,10155
44.0,108.75690662755363,150.26001167764304,ycw2013-08-20-45,10155
53.0,120.61493470323116,251.0532503209019,ycw2013-08-20-48,10155
70.0,63.10349853619522,214.2933632863016,ycw2013-08-20-50,10155
61.0,38.20163957727243,178.1263776554852,ycw2013-08-20-51,10155
53.0,165.08253998702185,353.62519317551244,ycw2013-08-20-52,10155
61.0,248.6816379205483,95.1201811257426,ycw2013-08-20-53,10155
72.0,269.433187052984,32.27263232465174,ycw2013-08-20-54,10155
58.0,98.08468135944388,180.4979832706207,ycw2013-09-10-13,10155
67.0,118.24332908809568,428.9236714560647,ycw2013-09-10-14,10155
44.0,357.18259481299765,199.4708281917047,ycw2013-09-10-15,10157
60.0,131.88005006642803,474.57707050046577,ycw2013-09-10-16,10155
62.0,369.0406228886752,480.50609358526185,ycw2013-09-10-19,10157
63.0,400.4643972892205,222.001081535492,ycw2013-09-10-1,10157
58.0,97.49177995566,290.1847429706377,ycw2013-09-10-21,10155
58.0,197.0992157913512,80.29764603114569,ycw2013-09-10-27,10155
55.0,467.46225591679854,259.35386997387616,ycw2013-09-10-28,10155
75.0,16.8571890410529,149.07420887007527,ycw2013-09-10-36,10155
67.0,424.77335484435946,283.0699261252312,ycw2013-09-10-37,10155
64.0,219.03656773135447,409.9508265349806,ycw2013-09-10-39,10155
60.0,396.9069888665173,321.01561596739924,ycw2013-09-10-42,10155
64.0,217.9346471253949,208.12795111028143,ycw2013-09-10-44,10155
78.0,452.6397208222016,459.75454445282617,ycw2013-09-10-46,10155
50.0,401.0572986930045,462.1261500679617,ycw2013-09-10-8,10157
72.0,179.90507508161872,75.55443480087467,ycw2013-09-10-9,10155
60.0,112.90721645404078,258.7609685700924,ycw2013-11-06-26,10155
65.0,452.0809157661464,80.72953560391005,ycw2013-11-24-13,10139
61.0,443.471532766208,65.80660507068359,ycw2013-11-24-13,10139
56.0,374.5964687667012,69.25035827065892,ycw2013-11-24-14,10139
54.0,348.7683197668861,53.75346887076989,ycw2013-11-24-14,10139
66.0,331.5495537670094,454.3767578012345,ycw2013-11-24-14,10139
61.0,110.57539010192504,147.30876413676663,ycw2013-11-24-16,10139
69.0,93.06082733591197,170.71003333312882,ycw2013-11-24-16,10139
74.0,115.424919530397,146.8141540020352,ycw2013-11-24-16,10139
67.0,254.71376540248832,126.89156685898251,ycw2013-11-24-17,10139
71.0,262.187078264144,140.85985576643856,ycw2013-11-24-17,10139
71.0,234.9948362724599,105.73654319384656,ycw2013-11-24-17,10139
71.0,461.8382164994098,276.44950913584194,ycw2013-11-24-18,10139
48.0,455.5246689661217,370.0048044018387,ycw2013-11-24-18,10139
72.0,98.88606471747012,218.43271252542985,ycw2013-11-24-19,10139
67.0,411.6361936604265,143.7911894373548,ycw2013-11-24-1,10139
56.0,207.57443856789712,135.25562793685293,ycw2013-11-24-24,10139
54.0,188.0598371013702,140.42125773681596,ycw2013-11-24-24,10139
51.0,166.82335903485563,157.06606487003012,ycw2013-11-24-24,10139
59.0,168.54523563484327,149.03064073675432,ycw2013-11-24-24,10139
42.0,303.9995281672067,66.95452280400866,ycw2013-11-24-24,10139
68.0,437.1579852329198,447.4892514012839,ycw2013-11-24-2,10139
64.0,81.8774467687972,329.2537248687972,ycw2013-11-24-5,10139
66.0,164.52752356820537,431.9923620013949,ycw2013-11-24-5,10139
70.0,178.30253636810676,449.2111280012716,ycw2013-11-24-5,10139
74.0,157.06605830159214,411.9038016682053,ycw2013-11-24-5,10139
75.0,167.9712767681807,429.122567668082,ycw2013-11-24-5,10139
64.0,65.23263963558306,314.3307943355707,ycw2013-11-24-5,10139
78.0,122.85118138064313,334.87607326560965,ycw2017-11-30-30,10168
78.0,152.5991943547489,332.0278592574506,ycw2017-11-30-30,10168
